设备大类,device_id,类型,英文名,中文描述,参数(名:类型)
冷藏箱,refrigerator,action,initialize,初始化,
冷藏箱,refrigerator,action,set_mode,设置运行模式,mode:str
冷藏箱,refrigerator,action,set_temperature,设置温度,temperature:float
冷藏箱,refrigerator,action,set_defrost_interval,设置除霜间隔,defrost_interval:float
冷藏箱,refrigerator,action,set_defrost_time,设置除霜时间,defrost_time:float
冷藏箱,refrigerator,action,set_fan_speed,设置风扇转速,fan_speed:float
冷藏箱,refrigerator,action,defrost,除霜,
冷藏箱,refrigerator,action,run,运行,
冷藏箱,refrigerator,property,status,设备运行状态,str
冷藏箱,refrigerator,property,fault,故障,bool
冷藏箱,refrigerator,property,idle,空闲,bool
冷藏箱,refrigerator,property,device_ready,设备就绪,bool
冷藏箱,refrigerator,property,door_open_state,门打开状态,bool
冷藏箱,refrigerator,property,cooling_system_running,制冷系统运行,bool
冷藏箱,refrigerator,property,fault_code,故障代码,int
冷藏箱,refrigerator,property,current_temperature,实际温度,float
冷藏箱,refrigerator,property,compressor_duty_ratio,压缩机运行比例,float
冷冻箱,freezer,action,initialize,初始化,
冷冻箱,freezer,action,set_mode,设置运行模式,mode:str
冷冻箱,freezer,action,set_temperature,设置温度,temperature:float
冷冻箱,freezer,action,set_defrost_interval,设置除霜间隔,defrost_interval:float
冷冻箱,freezer,action,set_defrost_time,设置除霜时间,defrost_time:float
冷冻箱,freezer,action,set_fan_speed,设置风扇转速,fan_speed:float
冷冻箱,freezer,action,run,运行,
冷冻箱,freezer,property,status,设备运行状态,str
冷冻箱,freezer,property,fault,故障,bool
冷冻箱,freezer,property,idle,空闲,bool
冷冻箱,freezer,property,device_ready,设备就绪,bool
冷冻箱,freezer,property,door_open_state,门打开状态,bool
冷冻箱,freezer,property,fault_code,故障代码,int
冷冻箱,freezer,property,current_temperature,实际温度,float
冷冻箱,freezer,property,compressor_duty_ratio,压缩机运行比例,float
冷冻冷藏箱,fridge_freezer,action,initialize,初始化,
冷冻冷藏箱,fridge_freezer,action,set_mode,设置运行模式,mode:str
冷冻冷藏箱,fridge_freezer,action,set_temperature,设置温度,temperature:float
冷冻冷藏箱,fridge_freezer,action,defrost,除霜,
冷冻冷藏箱,fridge_freezer,action,run,运行,
冷冻冷藏箱,fridge_freezer,action,stop,停止,
冷冻冷藏箱,fridge_freezer,property,status,设备运行状态,str
冷冻冷藏箱,fridge_freezer,property,fault,故障,bool
冷冻冷藏箱,fridge_freezer,property,idle,空闲,bool
冷冻冷藏箱,fridge_freezer,property,device_ready,设备就绪,bool
冷冻冷藏箱,fridge_freezer,property,running_state,运行状态,bool
冷冻冷藏箱,fridge_freezer,property,door_open_state,门打开状态,bool
冷冻冷藏箱,fridge_freezer,property,cooling_system_running,制冷系统运行,bool
冷冻冷藏箱,fridge_freezer,property,fault_code,故障代码,int
冷冻冷藏箱,fridge_freezer,property,current_temperature,实际温度,float
低温冰箱,low_temp_freezer,action,initialize,初始化,
低温冰箱,low_temp_freezer,action,set_mode,设置运行模式,mode:str
低温冰箱,low_temp_freezer,action,set_temperature,设置温度,temperature:float
低温冰箱,low_temp_freezer,action,set_cooldown_rate,设置降温速率,cooldown_rate:float
低温冰箱,low_temp_freezer,action,set_vacuum,设置真空度,vacuum:float
低温冰箱,low_temp_freezer,action,set_holding_time,设置保温时间,holding_time:float
低温冰箱,low_temp_freezer,action,defrost,除霜,
低温冰箱,low_temp_freezer,action,run,运行,
低温冰箱,low_temp_freezer,property,status,设备运行状态,str
低温冰箱,low_temp_freezer,property,fault,故障,bool
低温冰箱,low_temp_freezer,property,idle,空闲,bool
低温冰箱,low_temp_freezer,property,device_ready,设备就绪,bool
低温冰箱,low_temp_freezer,property,fault_code,故障代码,int
低温冰箱,low_temp_freezer,property,current_temperature,实际温度,float
低温冰箱,low_temp_freezer,property,current_vacuum,真空度实际值,float
超低温冰箱,ultra_low_temp_freezer,action,initialize,初始化,
超低温冰箱,ultra_low_temp_freezer,action,set_mode,设置运行模式,mode:str
超低温冰箱,ultra_low_temp_freezer,action,set_temperature,设置温度,temperature:float
超低温冰箱,ultra_low_temp_freezer,action,set_cooldown_rate,设置降温速率,cooldown_rate:float
超低温冰箱,ultra_low_temp_freezer,action,set_vacuum,设置真空度,vacuum:float
超低温冰箱,ultra_low_temp_freezer,action,set_holding_time,设置保温时间,holding_time:float
超低温冰箱,ultra_low_temp_freezer,action,defrost,除霜,
超低温冰箱,ultra_low_temp_freezer,action,run,运行,
超低温冰箱,ultra_low_temp_freezer,property,status,设备运行状态,str
超低温冰箱,ultra_low_temp_freezer,property,fault,故障,bool
超低温冰箱,ultra_low_temp_freezer,property,idle,空闲,bool
超低温冰箱,ultra_low_temp_freezer,property,device_ready,设备就绪,bool
超低温冰箱,ultra_low_temp_freezer,property,fault_code,故障代码,int
超低温冰箱,ultra_low_temp_freezer,property,current_temperature,实际温度,float
超低温冰箱,ultra_low_temp_freezer,property,current_vacuum,真空度实际值,float
深低温冰箱,deep_low_temp_freezer,action,initialize,初始化,
深低温冰箱,deep_low_temp_freezer,action,set_mode,设置运行模式,mode:str
深低温冰箱,deep_low_temp_freezer,action,set_temperature,设置温度,temperature:float
深低温冰箱,deep_low_temp_freezer,action,set_cooldown_rate,设置降温速率,cooldown_rate:float
深低温冰箱,deep_low_temp_freezer,action,set_vacuum,设置真空度,vacuum:float
深低温冰箱,deep_low_temp_freezer,action,set_holding_time,设置保温时间,holding_time:float
深低温冰箱,deep_low_temp_freezer,action,defrost,除霜,
深低温冰箱,deep_low_temp_freezer,action,run,运行,
深低温冰箱,deep_low_temp_freezer,property,status,设备运行状态,str
深低温冰箱,deep_low_temp_freezer,property,fault,故障,bool
深低温冰箱,deep_low_temp_freezer,property,idle,空闲,bool
深低温冰箱,deep_low_temp_freezer,property,device_ready,设备就绪,bool
深低温冰箱,deep_low_temp_freezer,property,fault_code,故障代码,int
深低温冰箱,deep_low_temp_freezer,property,current_temperature,实际温度,float
深低温冰箱,deep_low_temp_freezer,property,current_vacuum,真空度实际值,float
血液柜,blood_bank_refrigerator,action,initialize,初始化,
血液柜,blood_bank_refrigerator,action,set_mode,设置运行模式,mode:str
血液柜,blood_bank_refrigerator,action,set_temperature,设置温度,temperature:float
血液柜,blood_bank_refrigerator,action,set_alarm_temperature,设置报警温度,alarm_temperature:float
血液柜,blood_bank_refrigerator,action,run,运行,
血液柜,blood_bank_refrigerator,action,backup,备份,
血液柜,blood_bank_refrigerator,property,status,设备运行状态,str
血液柜,blood_bank_refrigerator,property,fault,故障,bool
血液柜,blood_bank_refrigerator,property,idle,空闲,bool
血液柜,blood_bank_refrigerator,property,device_ready,设备就绪,bool
血液柜,blood_bank_refrigerator,property,door_open_state,门打开状态,bool
血液柜,blood_bank_refrigerator,property,data_logging_state,数据记录状态,bool
血液柜,blood_bank_refrigerator,property,fault_code,故障代码,int
血液柜,blood_bank_refrigerator,property,current_temperature,实际温度,float
血液柜,blood_bank_refrigerator,property,temperature_logging_interval,温度记录间隔,float
药品柜,pharmacy_refrigerator,action,initialize,初始化,
药品柜,pharmacy_refrigerator,action,set_mode,设置运行模式,mode:str
药品柜,pharmacy_refrigerator,action,set_temperature,设置温度,temperature:float
药品柜,pharmacy_refrigerator,action,set_alarm_temperature,设置报警温度,alarm_temperature:float
药品柜,pharmacy_refrigerator,action,run,运行,
药品柜,pharmacy_refrigerator,action,backup,备份,
药品柜,pharmacy_refrigerator,property,status,设备运行状态,str
药品柜,pharmacy_refrigerator,property,fault,故障,bool
药品柜,pharmacy_refrigerator,property,idle,空闲,bool
药品柜,pharmacy_refrigerator,property,device_ready,设备就绪,bool
药品柜,pharmacy_refrigerator,property,door_open_state,门打开状态,bool
药品柜,pharmacy_refrigerator,property,data_logging_state,数据记录状态,bool
药品柜,pharmacy_refrigerator,property,fault_code,故障代码,int
药品柜,pharmacy_refrigerator,property,current_temperature,实际温度,float
药品柜,pharmacy_refrigerator,property,temperature_logging_interval,温度记录间隔,float
疫苗柜,vaccine_refrigerator,action,initialize,初始化,
疫苗柜,vaccine_refrigerator,action,set_mode,设置运行模式,mode:str
疫苗柜,vaccine_refrigerator,action,set_temperature,设置温度,temperature:float
疫苗柜,vaccine_refrigerator,action,set_alarm_temperature,设置报警温度,alarm_temperature:float
疫苗柜,vaccine_refrigerator,action,run,运行,
疫苗柜,vaccine_refrigerator,action,backup,备份,
疫苗柜,vaccine_refrigerator,property,status,设备运行状态,str
疫苗柜,vaccine_refrigerator,property,fault,故障,bool
疫苗柜,vaccine_refrigerator,property,idle,空闲,bool
疫苗柜,vaccine_refrigerator,property,device_ready,设备就绪,bool
疫苗柜,vaccine_refrigerator,property,door_open_state,门打开状态,bool
疫苗柜,vaccine_refrigerator,property,data_logging_state,数据记录状态,bool
疫苗柜,vaccine_refrigerator,property,fault_code,故障代码,int
疫苗柜,vaccine_refrigerator,property,current_temperature,实际温度,float
疫苗柜,vaccine_refrigerator,property,temperature_logging_interval,温度记录间隔,float
食品柜,food_refrigerator,action,initialize,初始化,
食品柜,food_refrigerator,action,set_mode,设置运行模式,mode:str
食品柜,food_refrigerator,action,set_temperature,设置温度,temperature:float
食品柜,food_refrigerator,action,set_humidity,设置湿度,humidity:float
食品柜,food_refrigerator,action,set_sterilization_time,设置杀菌时间,sterilization_time:float
食品柜,food_refrigerator,action,set_fresh_keeping_cycle,设置保鲜周期,fresh_keeping_cycle:float
食品柜,food_refrigerator,action,run,运行,
食品柜,food_refrigerator,property,status,设备运行状态,str
食品柜,food_refrigerator,property,fault,故障,bool
食品柜,food_refrigerator,property,idle,空闲,bool
食品柜,food_refrigerator,property,device_ready,设备就绪,bool
食品柜,food_refrigerator,property,door_open_state,门打开状态,bool
食品柜,food_refrigerator,property,humidity_state,湿度监控状态,bool
食品柜,food_refrigerator,property,sterilization_function_state,杀菌功能状态,bool
食品柜,food_refrigerator,property,fault_code,故障代码,int
食品柜,food_refrigerator,property,current_temperature,实际温度,float
食品柜,food_refrigerator,property,current_humidity,实际湿度,float
高温金属浴,high_temp_metal_bath,action,initialize,初始化,
高温金属浴,high_temp_metal_bath,action,set_temperature,设置温度,temperature:float
高温金属浴,high_temp_metal_bath,action,start_heating,加热启动,
高温金属浴,high_temp_metal_bath,action,run_countdown,运行倒计时,
高温金属浴,high_temp_metal_bath,property,status,设备运行状态,str
高温金属浴,high_temp_metal_bath,property,fault,故障,bool
高温金属浴,high_temp_metal_bath,property,idle,空闲,bool
高温金属浴,high_temp_metal_bath,property,fault_code,故障代码,int
高温金属浴,high_temp_metal_bath,property,run_time,运行时间,float
高温金属浴,high_temp_metal_bath,property,current_temperature,实际温度,float
高温金属浴,high_temp_metal_bath,property,remaining_time,剩余时间,float
高低温金属浴,high_low_temp_metal_bath,action,initialize,初始化,
高低温金属浴,high_low_temp_metal_bath,action,set_temperature,设置温度,temperature:float
高低温金属浴,high_low_temp_metal_bath,action,start_heat_cool,加热/制冷启动,
高低温金属浴,high_low_temp_metal_bath,action,run_countdown,运行倒计时,
高低温金属浴,high_low_temp_metal_bath,property,status,设备运行状态,str
高低温金属浴,high_low_temp_metal_bath,property,fault,故障,bool
高低温金属浴,high_low_temp_metal_bath,property,idle,空闲,bool
高低温金属浴,high_low_temp_metal_bath,property,fault_code,故障代码,int
高低温金属浴,high_low_temp_metal_bath,property,run_time,运行时间,float
高低温金属浴,high_low_temp_metal_bath,property,current_temperature,实际温度,float
高低温金属浴,high_low_temp_metal_bath,property,remaining_time,剩余时间,float
振荡金属浴,shaking_metal_bath,action,initialize,初始化,
振荡金属浴,shaking_metal_bath,action,set_temperature,设置温度,temperature:float
振荡金属浴,shaking_metal_bath,action,start_oscillation,振荡启动,
振荡金属浴,shaking_metal_bath,action,start_heating,加热启动,
振荡金属浴,shaking_metal_bath,action,run_countdown,运行倒计时,
振荡金属浴,shaking_metal_bath,property,status,设备运行状态,str
振荡金属浴,shaking_metal_bath,property,fault,故障,bool
振荡金属浴,shaking_metal_bath,property,idle,空闲,bool
振荡金属浴,shaking_metal_bath,property,fault_code,故障代码,int
振荡金属浴,shaking_metal_bath,property,oscillation_speed,振荡速度,float
振荡金属浴,shaking_metal_bath,property,run_time,运行时间,float
振荡金属浴,shaking_metal_bath,property,current_temperature,实际温度,float
振荡金属浴,shaking_metal_bath,property,current_speed,实际转速,float
振荡金属浴,shaking_metal_bath,property,remaining_time,剩余时间,float
干体温度校正炉,dry_block_temp_calibrator,action,initialize,初始化,
干体温度校正炉,dry_block_temp_calibrator,action,set_temperature,设置温度,temperature:float
干体温度校正炉,dry_block_temp_calibrator,action,set_hold_time,设置恒温时间,hold_time:float
干体温度校正炉,dry_block_temp_calibrator,action,run_countdown,运行倒计时,
干体温度校正炉,dry_block_temp_calibrator,action,start_heating,加热启动,
干体温度校正炉,dry_block_temp_calibrator,action,hold_temperature,恒温,
干体温度校正炉,dry_block_temp_calibrator,action,correct_temperature,温度校正,
干体温度校正炉,dry_block_temp_calibrator,action,check_uniformity,均匀性检测,
干体温度校正炉,dry_block_temp_calibrator,property,status,设备运行状态,str
干体温度校正炉,dry_block_temp_calibrator,property,fault,故障,bool
干体温度校正炉,dry_block_temp_calibrator,property,idle,空闲,bool
干体温度校正炉,dry_block_temp_calibrator,property,fault_code,故障代码,int
干体温度校正炉,dry_block_temp_calibrator,property,current_temperature,实际温度,float
干体温度校正炉,dry_block_temp_calibrator,property,run_time,运行时间,float
干体温度校正炉,dry_block_temp_calibrator,property,remaining_time,剩余时间,float
砂浴,sand_bath,action,initialize,初始化,
砂浴,sand_bath,action,set_temperature,设置温度,temperature:float
砂浴,sand_bath,action,set_ramp_rate,设置升温速率,ramp_rate:float
砂浴,sand_bath,action,run_countdown,运行倒计时,
砂浴,sand_bath,action,start_heating,加热启动,
砂浴,sand_bath,action,start_stirring,搅拌启动,
砂浴,sand_bath,action,control_ramp_rate,升温速率控制,
砂浴,sand_bath,property,status,设备运行状态,str
砂浴,sand_bath,property,fault,故障,bool
砂浴,sand_bath,property,idle,空闲,bool
砂浴,sand_bath,property,fault_code,故障代码,int
砂浴,sand_bath,property,current_temperature,实际温度,float
砂浴,sand_bath,property,stir_speed,搅拌速度,float
砂浴,sand_bath,property,run_time,运行时间,float
砂浴,sand_bath,property,remaining_time,剩余时间,float
砂浴,sand_bath,property,preheat_time,预热时间,float
砂浴,sand_bath,property,holding_time,保温时间,float
黑体辐射源,blackbody_radiation_source,action,initialize,初始化,
黑体辐射源,blackbody_radiation_source,action,set_temperature,设置温度,temperature:float
黑体辐射源,blackbody_radiation_source,action,set_emissivity,设置辐射率,emissivity:float
黑体辐射源,blackbody_radiation_source,action,set_radiation_intensity,设置辐射强度,radiation_intensity:float
黑体辐射源,blackbody_radiation_source,action,run_countdown,运行倒计时,
黑体辐射源,blackbody_radiation_source,action,start_heating,加热启动,
黑体辐射源,blackbody_radiation_source,action,radiation_output,辐射输出,
黑体辐射源,blackbody_radiation_source,action,calibrate_emissivity,辐射率校准,
黑体辐射源,blackbody_radiation_source,property,status,设备运行状态,str
黑体辐射源,blackbody_radiation_source,property,fault,故障,bool
黑体辐射源,blackbody_radiation_source,property,idle,空闲,bool
黑体辐射源,blackbody_radiation_source,property,fault_code,故障代码,int
黑体辐射源,blackbody_radiation_source,property,current_temperature,实际温度,float
黑体辐射源,blackbody_radiation_source,property,current_emissivity,实际辐射率,int
黑体辐射源,blackbody_radiation_source,property,radiation_intensity_feedback,辐射强度反馈,int
黑体辐射源,blackbody_radiation_source,property,run_time,运行时间,float
黑体辐射源,blackbody_radiation_source,property,remaining_time,剩余时间,float
黑体辐射源,blackbody_radiation_source,property,radiation_stable_time,辐射稳定时间,float
黑体辐射源,blackbody_radiation_source,property,preheat_stable_time,预热稳定时间,float
高温恒温槽,high_temp_thermostatic_bath,action,initialize,初始化,
高温恒温槽,high_temp_thermostatic_bath,action,set_mode,设置运行模式,mode:str
高温恒温槽,high_temp_thermostatic_bath,action,set_temp_control_precision,设置控温精度,temp_control_precision:int
高温恒温槽,high_temp_thermostatic_bath,action,set_heating_power,设置加热功率,heating_power:float
高温恒温槽,high_temp_thermostatic_bath,action,set_circulation_pump_speed,设置循环泵转速,circulation_pump_speed:float
高温恒温槽,high_temp_thermostatic_bath,action,set_hold_time,设置恒温时间,hold_time:float
高温恒温槽,high_temp_thermostatic_bath,action,set_alarm_sensitivity,设置报警灵敏度,alarm_sensitivity:int
高温恒温槽,high_temp_thermostatic_bath,action,set_temperature,设置温度,temperature:float
高温恒温槽,high_temp_thermostatic_bath,action,start,启动,
高温恒温槽,high_temp_thermostatic_bath,property,status,设备运行状态,str
高温恒温槽,high_temp_thermostatic_bath,property,fault,故障,bool
高温恒温槽,high_temp_thermostatic_bath,property,idle,空闲,bool
高温恒温槽,high_temp_thermostatic_bath,property,device_ready,设备就绪,bool
高温恒温槽,high_temp_thermostatic_bath,property,fault_code,故障代码,int
高温恒温槽,high_temp_thermostatic_bath,property,current_run_step,当前运行步骤,int
高温恒温槽,high_temp_thermostatic_bath,property,current_temperature,当前温度,float
高温恒温槽,high_temp_thermostatic_bath,property,current_heating_power,实际加热功率,float
高温恒温槽,high_temp_thermostatic_bath,property,current_circulation_pump_speed,实际循环泵转速,float
高温恒温槽,high_temp_thermostatic_bath,property,liquid_level,液位监测,float
高温恒温槽,high_temp_thermostatic_bath,property,pressure,压力监测,float
高温恒温槽,high_temp_thermostatic_bath,property,remaining_hold_time,剩余恒温时间,float
高低温恒温槽,high_low_temp_thermostatic_bath,action,initialize,初始化,
高低温恒温槽,high_low_temp_thermostatic_bath,action,set_mode,设置运行模式,mode:str
高低温恒温槽,high_low_temp_thermostatic_bath,action,set_temp_control_precision,设置控温精度,temp_control_precision:int
高低温恒温槽,high_low_temp_thermostatic_bath,action,set_heating_power,设置加热功率,heating_power:float
高低温恒温槽,high_low_temp_thermostatic_bath,action,set_cooling_power,设置制冷功率,cooling_power:float
高低温恒温槽,high_low_temp_thermostatic_bath,action,set_circulation_pump_speed,设置循环泵转速,circulation_pump_speed:float
高低温恒温槽,high_low_temp_thermostatic_bath,action,set_hold_time,设置恒温时间,hold_time:float
高低温恒温槽,high_low_temp_thermostatic_bath,action,set_temperature,设置温度,temperature:float
高低温恒温槽,high_low_temp_thermostatic_bath,action,start,启动,
高低温恒温槽,high_low_temp_thermostatic_bath,property,status,设备运行状态,str
高低温恒温槽,high_low_temp_thermostatic_bath,property,fault,故障,bool
高低温恒温槽,high_low_temp_thermostatic_bath,property,idle,空闲,bool
高低温恒温槽,high_low_temp_thermostatic_bath,property,device_ready,设备就绪,bool
高低温恒温槽,high_low_temp_thermostatic_bath,property,fault_code,故障代码,int
高低温恒温槽,high_low_temp_thermostatic_bath,property,current_run_step,当前运行步骤,int
高低温恒温槽,high_low_temp_thermostatic_bath,property,current_temperature,当前温度,float
高低温恒温槽,high_low_temp_thermostatic_bath,property,current_heating_power,实际加热功率,float
高低温恒温槽,high_low_temp_thermostatic_bath,property,current_cooling_power,实际制冷功率,float
高低温恒温槽,high_low_temp_thermostatic_bath,property,current_circulation_pump_speed,实际循环泵转速,float
高低温恒温槽,high_low_temp_thermostatic_bath,property,liquid_level,液位监测,float
高低温恒温槽,high_low_temp_thermostatic_bath,property,pressure,压力监测,float
高低温恒温槽,high_low_temp_thermostatic_bath,property,remaining_hold_time,剩余恒温时间,float
高低温恒温槽,high_low_temp_thermostatic_bath,property,cooling_system_state,制冷系统状态,int
低温恒温槽,low_temp_thermostatic_bath,action,initialize,初始化,
低温恒温槽,low_temp_thermostatic_bath,action,set_mode,设置运行模式,mode:str
低温恒温槽,low_temp_thermostatic_bath,action,set_temp_control_precision,设置控温精度,temp_control_precision:int
低温恒温槽,low_temp_thermostatic_bath,action,set_cooling_power,设置制冷功率,cooling_power:float
低温恒温槽,low_temp_thermostatic_bath,action,set_circulation_pump_speed,设置循环泵转速,circulation_pump_speed:float
低温恒温槽,low_temp_thermostatic_bath,action,set_hold_time,设置恒温时间,hold_time:float
低温恒温槽,low_temp_thermostatic_bath,action,set_defrost_interval,设置除霜间隔,defrost_interval:float
低温恒温槽,low_temp_thermostatic_bath,action,set_temperature,设置温度,temperature:float
低温恒温槽,low_temp_thermostatic_bath,action,start,启动,
低温恒温槽,low_temp_thermostatic_bath,property,status,设备运行状态,str
低温恒温槽,low_temp_thermostatic_bath,property,fault,故障,bool
低温恒温槽,low_temp_thermostatic_bath,property,idle,空闲,bool
低温恒温槽,low_temp_thermostatic_bath,property,device_ready,设备就绪,bool
低温恒温槽,low_temp_thermostatic_bath,property,fault_code,故障代码,int
低温恒温槽,low_temp_thermostatic_bath,property,current_run_step,当前运行步骤,int
低温恒温槽,low_temp_thermostatic_bath,property,current_temperature,当前温度,float
低温恒温槽,low_temp_thermostatic_bath,property,current_cooling_power,实际制冷功率,float
低温恒温槽,low_temp_thermostatic_bath,property,current_circulation_pump_speed,实际循环泵转速,float
低温恒温槽,low_temp_thermostatic_bath,property,liquid_level,液位监测,float
低温恒温槽,low_temp_thermostatic_bath,property,pressure,压力监测,float
低温恒温槽,low_temp_thermostatic_bath,property,remaining_hold_time,剩余恒温时间,float
低温恒温槽,low_temp_thermostatic_bath,property,cooling_system_state,制冷系统状态,int
振荡恒温槽,shaking_thermostatic_bath,action,initialize,初始化,
振荡恒温槽,shaking_thermostatic_bath,action,set_mode,设置运行模式,mode:str
振荡恒温槽,shaking_thermostatic_bath,action,set_temp_control_precision,设置控温精度,temp_control_precision:int
振荡恒温槽,shaking_thermostatic_bath,action,set_heating_power,设置加热功率,heating_power:float
振荡恒温槽,shaking_thermostatic_bath,action,set_oscillation_frequency,设置振荡频率,oscillation_frequency:float
振荡恒温槽,shaking_thermostatic_bath,action,set_oscillation_amplitude,设置振荡幅度,oscillation_amplitude:int
振荡恒温槽,shaking_thermostatic_bath,action,set_oscillation_time,设置振荡时间,oscillation_time:float
振荡恒温槽,shaking_thermostatic_bath,action,set_circulation_pump_speed,设置循环泵转速,circulation_pump_speed:float
振荡恒温槽,shaking_thermostatic_bath,action,set_hold_time,设置恒温时间,hold_time:float
振荡恒温槽,shaking_thermostatic_bath,action,set_temperature,设置温度,temperature:float
振荡恒温槽,shaking_thermostatic_bath,action,start,启动,
振荡恒温槽,shaking_thermostatic_bath,property,status,设备运行状态,str
振荡恒温槽,shaking_thermostatic_bath,property,fault,故障,bool
振荡恒温槽,shaking_thermostatic_bath,property,idle,空闲,bool
振荡恒温槽,shaking_thermostatic_bath,property,device_ready,设备就绪,bool
振荡恒温槽,shaking_thermostatic_bath,property,fault_code,故障代码,int
振荡恒温槽,shaking_thermostatic_bath,property,current_run_step,当前运行步骤,int
振荡恒温槽,shaking_thermostatic_bath,property,current_temperature,当前温度,float
振荡恒温槽,shaking_thermostatic_bath,property,current_heating_power,实际加热功率,float
振荡恒温槽,shaking_thermostatic_bath,property,current_oscillation_frequency,实际振荡频率,float
振荡恒温槽,shaking_thermostatic_bath,property,current_oscillation_amplitude,实际振荡幅度,int
振荡恒温槽,shaking_thermostatic_bath,property,remaining_oscillation_time,剩余振荡时间,float
振荡恒温槽,shaking_thermostatic_bath,property,current_circulation_pump_speed,实际循环泵转速,float
振荡恒温槽,shaking_thermostatic_bath,property,liquid_level,液位监测,float
振荡恒温槽,shaking_thermostatic_bath,property,pressure,压力监测,float
透明视窗恒温槽,transparent_window_thermostatic_bath,action,initialize,初始化,
透明视窗恒温槽,transparent_window_thermostatic_bath,action,set_mode,设置运行模式,mode:str
透明视窗恒温槽,transparent_window_thermostatic_bath,action,set_temp_control_precision,设置控温精度,temp_control_precision:int
透明视窗恒温槽,transparent_window_thermostatic_bath,action,set_heating_power,设置加热功率,heating_power:float
透明视窗恒温槽,transparent_window_thermostatic_bath,action,set_cooling_power,设置制冷功率,cooling_power:float
透明视窗恒温槽,transparent_window_thermostatic_bath,action,set_circulation_pump_speed,设置循环泵转速,circulation_pump_speed:float
透明视窗恒温槽,transparent_window_thermostatic_bath,action,set_hold_time,设置恒温时间,hold_time:float
透明视窗恒温槽,transparent_window_thermostatic_bath,action,set_temperature,设置温度,temperature:float
透明视窗恒温槽,transparent_window_thermostatic_bath,action,start,启动,
透明视窗恒温槽,transparent_window_thermostatic_bath,property,status,设备运行状态,str
透明视窗恒温槽,transparent_window_thermostatic_bath,property,fault,故障,bool
透明视窗恒温槽,transparent_window_thermostatic_bath,property,idle,空闲,bool
透明视窗恒温槽,transparent_window_thermostatic_bath,property,device_ready,设备就绪,bool
透明视窗恒温槽,transparent_window_thermostatic_bath,property,fault_code,故障代码,int
透明视窗恒温槽,transparent_window_thermostatic_bath,property,current_run_step,当前运行步骤,int
透明视窗恒温槽,transparent_window_thermostatic_bath,property,current_temperature,当前温度,float
透明视窗恒温槽,transparent_window_thermostatic_bath,property,current_heating_power,实际加热功率,float
透明视窗恒温槽,transparent_window_thermostatic_bath,property,current_cooling_power,实际制冷功率,float
透明视窗恒温槽,transparent_window_thermostatic_bath,property,current_circulation_pump_speed,实际循环泵转速,float
透明视窗恒温槽,transparent_window_thermostatic_bath,property,liquid_level,液位监测,float
透明视窗恒温槽,transparent_window_thermostatic_bath,property,pressure,压力监测,float
透明视窗恒温槽,transparent_window_thermostatic_bath,property,remaining_hold_time,剩余恒温时间,float
温度检定恒温槽,temp_verification_thermostatic_bath,action,initialize,初始化,
温度检定恒温槽,temp_verification_thermostatic_bath,action,set_mode,设置运行模式,mode:str
温度检定恒温槽,temp_verification_thermostatic_bath,action,set_temp_control_precision,设置控温精度,temp_control_precision:int
温度检定恒温槽,temp_verification_thermostatic_bath,action,set_heating_power,设置加热功率,heating_power:float
温度检定恒温槽,temp_verification_thermostatic_bath,action,set_cooling_power,设置制冷功率,cooling_power:float
温度检定恒温槽,temp_verification_thermostatic_bath,action,set_circulation_pump_speed,设置循环泵转速,circulation_pump_speed:float
温度检定恒温槽,temp_verification_thermostatic_bath,action,set_verification_time,设置检定时间,verification_time:float
温度检定恒温槽,temp_verification_thermostatic_bath,action,set_temperature,设置温度,temperature:float
温度检定恒温槽,temp_verification_thermostatic_bath,action,start,启动,
温度检定恒温槽,temp_verification_thermostatic_bath,property,status,设备运行状态,str
温度检定恒温槽,temp_verification_thermostatic_bath,property,fault,故障,bool
温度检定恒温槽,temp_verification_thermostatic_bath,property,idle,空闲,bool
温度检定恒温槽,temp_verification_thermostatic_bath,property,device_ready,设备就绪,bool
温度检定恒温槽,temp_verification_thermostatic_bath,property,fault_code,故障代码,int
温度检定恒温槽,temp_verification_thermostatic_bath,property,current_run_step,当前运行步骤,int
温度检定恒温槽,temp_verification_thermostatic_bath,property,current_temperature,当前温度,float
温度检定恒温槽,temp_verification_thermostatic_bath,property,current_heating_power,实际加热功率,float
温度检定恒温槽,temp_verification_thermostatic_bath,property,current_cooling_power,实际制冷功率,float
温度检定恒温槽,temp_verification_thermostatic_bath,property,current_circulation_pump_speed,实际循环泵转速,float
温度检定恒温槽,temp_verification_thermostatic_bath,property,liquid_level,液位监测,float
温度检定恒温槽,temp_verification_thermostatic_bath,property,pressure,压力监测,float
温度检定恒温槽,temp_verification_thermostatic_bath,property,remaining_verification_time,剩余检定时间,float
管式炉,tube_furnace,action,initialize,初始化,
管式炉,tube_furnace,action,set_mode,设置运行模式,mode:str
管式炉,tube_furnace,action,set_ramp_rate,设置升温速率,ramp_rate:float
管式炉,tube_furnace,action,set_cooldown_rate,设置降温速率,cooldown_rate:float
管式炉,tube_furnace,action,set_hold_time,设置恒温时间,hold_time:float
管式炉,tube_furnace,action,set_heating_power,设置加热功率,heating_power:float
管式炉,tube_furnace,action,set_furnace_tube_speed,设置炉管转速,furnace_tube_speed:float
管式炉,tube_furnace,action,set_vacuum,设置真空度,vacuum:float
管式炉,tube_furnace,action,set_gas_flow,设置气体流量,gas_flow:float
管式炉,tube_furnace,action,set_temperature,设置温度,temperature:float
管式炉,tube_furnace,action,start,启动,
管式炉,tube_furnace,property,status,设备运行状态,str
管式炉,tube_furnace,property,fault,故障,bool
管式炉,tube_furnace,property,idle,空闲,bool
管式炉,tube_furnace,property,device_ready,设备就绪,bool
管式炉,tube_furnace,property,fault_code,故障代码,int
管式炉,tube_furnace,property,current_run_step,当前运行步骤,int
管式炉,tube_furnace,property,current_temperature,当前温度,float
管式炉,tube_furnace,property,remaining_hold_time,剩余恒温时间,float
管式炉,tube_furnace,property,current_heating_power,实际加热功率,float
管式炉,tube_furnace,property,current_furnace_tube_speed,实际炉管转速,float
管式炉,tube_furnace,property,current_vacuum,实际真空度,float
管式炉,tube_furnace,property,current_gas_flow,实际气体流量,float
箱式电阻炉,box_resistance_furnace,action,initialize,初始化,
箱式电阻炉,box_resistance_furnace,action,set_mode,设置运行模式,mode:str
箱式电阻炉,box_resistance_furnace,action,set_ramp_rate,设置升温速率,ramp_rate:float
箱式电阻炉,box_resistance_furnace,action,set_cooldown_rate,设置降温速率,cooldown_rate:float
箱式电阻炉,box_resistance_furnace,action,set_hold_time,设置恒温时间,hold_time:float
箱式电阻炉,box_resistance_furnace,action,set_heating_power,设置加热功率,heating_power:float
箱式电阻炉,box_resistance_furnace,action,set_furnace_chamber_pressure,设置炉膛压力,furnace_chamber_pressure:float
箱式电阻炉,box_resistance_furnace,action,set_temperature_uniformity,设置温度均匀性,temperature_uniformity:float
箱式电阻炉,box_resistance_furnace,action,set_temperature,设置温度,temperature:float
箱式电阻炉,box_resistance_furnace,action,start,启动,
箱式电阻炉,box_resistance_furnace,property,status,设备运行状态,str
箱式电阻炉,box_resistance_furnace,property,fault,故障,bool
箱式电阻炉,box_resistance_furnace,property,idle,空闲,bool
箱式电阻炉,box_resistance_furnace,property,device_ready,设备就绪,bool
箱式电阻炉,box_resistance_furnace,property,fault_code,故障代码,int
箱式电阻炉,box_resistance_furnace,property,current_run_step,当前运行步骤,int
箱式电阻炉,box_resistance_furnace,property,current_temperature,当前温度,float
箱式电阻炉,box_resistance_furnace,property,remaining_hold_time,剩余恒温时间,float
箱式电阻炉,box_resistance_furnace,property,current_heating_power,实际加热功率,float
箱式电阻炉,box_resistance_furnace,property,current_furnace_chamber_pressure,实际炉膛压力,float
箱式电阻炉,box_resistance_furnace,property,furnace_door_state,炉门状态,int
高频感应炉,high_freq_induction_furnace,action,initialize,初始化,
高频感应炉,high_freq_induction_furnace,action,set_mode,设置运行模式,mode:str
高频感应炉,high_freq_induction_furnace,action,set_induction_power,设置感应功率,induction_power:float
高频感应炉,high_freq_induction_furnace,action,set_oscillation_frequency,设置振荡频率,oscillation_frequency:float
高频感应炉,high_freq_induction_furnace,action,set_heating_time,设置加热时间,heating_time:float
高频感应炉,high_freq_induction_furnace,action,set_cooling_water_velocity,设置冷却水流速,cooling_water_velocity:float
高频感应炉,high_freq_induction_furnace,action,set_temperature,设置温度,temperature:float
高频感应炉,high_freq_induction_furnace,action,start,启动,
高频感应炉,high_freq_induction_furnace,property,status,设备运行状态,str
高频感应炉,high_freq_induction_furnace,property,fault,故障,bool
高频感应炉,high_freq_induction_furnace,property,idle,空闲,bool
高频感应炉,high_freq_induction_furnace,property,device_ready,设备就绪,bool
高频感应炉,high_freq_induction_furnace,property,fault_code,故障代码,int
高频感应炉,high_freq_induction_furnace,property,current_run_step,当前运行步骤,int
高频感应炉,high_freq_induction_furnace,property,current_temperature,当前温度,float
高频感应炉,high_freq_induction_furnace,property,current_induction_power,实际感应功率,float
高频感应炉,high_freq_induction_furnace,property,current_oscillation_frequency,实际振荡频率,float
高频感应炉,high_freq_induction_furnace,property,remaining_heating_time,剩余加热时间,float
高频感应炉,high_freq_induction_furnace,property,current_cooling_water_velocity,实际冷却水流速,float
电热干燥箱,electric_drying_oven,action,initialize,初始化,
电热干燥箱,electric_drying_oven,action,set_mode,设置运行模式,mode:str
电热干燥箱,electric_drying_oven,action,set_ramp_rate,设置升温速率,ramp_rate:float
电热干燥箱,electric_drying_oven,action,set_hold_time,设置恒温时间,hold_time:float
电热干燥箱,electric_drying_oven,action,set_heating_power,设置加热功率,heating_power:float
电热干燥箱,electric_drying_oven,action,set_fan_speed,设置风机转速,fan_speed:float
电热干燥箱,electric_drying_oven,action,set_damper_opening,设置风门开度,damper_opening:int
电热干燥箱,electric_drying_oven,action,set_temperature,设置温度,temperature:float
电热干燥箱,electric_drying_oven,action,start,启动,
电热干燥箱,electric_drying_oven,property,status,设备运行状态,str
电热干燥箱,electric_drying_oven,property,fault,故障,bool
电热干燥箱,electric_drying_oven,property,idle,空闲,bool
电热干燥箱,electric_drying_oven,property,device_ready,设备就绪,bool
电热干燥箱,electric_drying_oven,property,fault_code,故障代码,int
电热干燥箱,electric_drying_oven,property,current_run_step,当前运行步骤,int
电热干燥箱,electric_drying_oven,property,current_temperature,当前温度,float
电热干燥箱,electric_drying_oven,property,remaining_hold_time,剩余恒温时间,float
电热干燥箱,electric_drying_oven,property,current_heating_power,实际加热功率,float
电热干燥箱,electric_drying_oven,property,current_fan_speed,实际风机转速,float
电热干燥箱,electric_drying_oven,property,current_damper_opening,实际风门开度,int
电热鼓风干燥箱,forced_air_drying_oven,action,initialize,初始化,
电热鼓风干燥箱,forced_air_drying_oven,action,set_mode,设置运行模式,mode:str
电热鼓风干燥箱,forced_air_drying_oven,action,set_ramp_rate,设置升温速率,ramp_rate:float
电热鼓风干燥箱,forced_air_drying_oven,action,set_hold_time,设置恒温时间,hold_time:float
电热鼓风干燥箱,forced_air_drying_oven,action,set_heating_power,设置加热功率,heating_power:float
电热鼓风干燥箱,forced_air_drying_oven,action,set_blower_motor_speed,设置鼓风电机转速,blower_motor_speed:float
电热鼓风干燥箱,forced_air_drying_oven,action,set_blower_mode,设置鼓风模式,blower_mode:str
电热鼓风干燥箱,forced_air_drying_oven,action,set_temperature,设置温度,temperature:float
电热鼓风干燥箱,forced_air_drying_oven,action,start,启动,
电热鼓风干燥箱,forced_air_drying_oven,property,status,设备运行状态,str
电热鼓风干燥箱,forced_air_drying_oven,property,fault,故障,bool
电热鼓风干燥箱,forced_air_drying_oven,property,idle,空闲,bool
电热鼓风干燥箱,forced_air_drying_oven,property,device_ready,设备就绪,bool
电热鼓风干燥箱,forced_air_drying_oven,property,fault_code,故障代码,int
电热鼓风干燥箱,forced_air_drying_oven,property,current_run_step,当前运行步骤,int
电热鼓风干燥箱,forced_air_drying_oven,property,current_temperature,当前温度,float
电热鼓风干燥箱,forced_air_drying_oven,property,remaining_hold_time,剩余恒温时间,float
电热鼓风干燥箱,forced_air_drying_oven,property,current_heating_power,实际加热功率,float
电热鼓风干燥箱,forced_air_drying_oven,property,current_blower_speed,实际鼓风转速,float
电热鼓风干燥箱,forced_air_drying_oven,property,current_humidity,实际湿度值,float
真空干燥箱,vacuum_drying_oven,action,initialize,初始化,
真空干燥箱,vacuum_drying_oven,action,set_mode,设置运行模式,mode:str
真空干燥箱,vacuum_drying_oven,action,set_ramp_rate,设置升温速率,ramp_rate:float
真空干燥箱,vacuum_drying_oven,action,set_hold_time,设置恒温时间,hold_time:float
真空干燥箱,vacuum_drying_oven,action,set_heating_power,设置加热功率,heating_power:float
真空干燥箱,vacuum_drying_oven,action,set_temperature,设置温度,temperature:float
真空干燥箱,vacuum_drying_oven,action,set_vacuum,设置真空度,vacuum:float
真空干燥箱,vacuum_drying_oven,action,start,启动,
真空干燥箱,vacuum_drying_oven,property,status,设备运行状态,str
真空干燥箱,vacuum_drying_oven,property,fault,故障,bool
真空干燥箱,vacuum_drying_oven,property,idle,空闲,bool
真空干燥箱,vacuum_drying_oven,property,device_ready,设备就绪,bool
真空干燥箱,vacuum_drying_oven,property,fault_code,故障代码,int
真空干燥箱,vacuum_drying_oven,property,current_run_step,当前运行步骤,int
真空干燥箱,vacuum_drying_oven,property,current_temperature,当前温度,float
真空干燥箱,vacuum_drying_oven,property,current_vacuum,实际真空度,float
真空干燥箱,vacuum_drying_oven,property,remaining_hold_time,剩余恒温时间,float
真空干燥箱,vacuum_drying_oven,property,current_heating_power,实际加热功率,float
气体保护干燥箱,gas_protection_drying_oven,action,initialize,初始化,
气体保护干燥箱,gas_protection_drying_oven,action,set_mode,设置运行模式,mode:str
气体保护干燥箱,gas_protection_drying_oven,action,set_gas_flow,设置气体流量,gas_flow:float
气体保护干燥箱,gas_protection_drying_oven,action,set_ramp_rate,设置升温速率,ramp_rate:float
气体保护干燥箱,gas_protection_drying_oven,action,set_hold_time,设置恒温时间,hold_time:float
气体保护干燥箱,gas_protection_drying_oven,action,set_heating_power,设置加热功率,heating_power:float
气体保护干燥箱,gas_protection_drying_oven,action,set_temperature,设置温度,temperature:float
气体保护干燥箱,gas_protection_drying_oven,action,set_gas_concentration,设置气体浓度,gas_concentration:float
气体保护干燥箱,gas_protection_drying_oven,action,start,启动,
气体保护干燥箱,gas_protection_drying_oven,property,status,设备运行状态,str
气体保护干燥箱,gas_protection_drying_oven,property,fault,故障,bool
气体保护干燥箱,gas_protection_drying_oven,property,idle,空闲,bool
气体保护干燥箱,gas_protection_drying_oven,property,device_ready,设备就绪,bool
气体保护干燥箱,gas_protection_drying_oven,property,fault_code,故障代码,int
气体保护干燥箱,gas_protection_drying_oven,property,current_run_step,当前运行步骤,int
气体保护干燥箱,gas_protection_drying_oven,property,current_temperature,当前温度,float
气体保护干燥箱,gas_protection_drying_oven,property,current_gas_concentration,实际气体浓度,float
气体保护干燥箱,gas_protection_drying_oven,property,current_gas_flow,实际气体流量,float
气体保护干燥箱,gas_protection_drying_oven,property,remaining_hold_time,剩余恒温时间,float
气体保护干燥箱,gas_protection_drying_oven,property,pressure,压力监测值,float
气体保护干燥箱,gas_protection_drying_oven,property,current_heating_power,实际加热功率,float
电烤箱,electric_oven,action,initialize,初始化,
电烤箱,electric_oven,action,set_mode,设置运行模式,mode:str
电烤箱,electric_oven,action,set_baking_time,设置烘烤时间,baking_time:float
电烤箱,electric_oven,action,set_heating_mode,设置加热模式,heating_mode:str
电烤箱,electric_oven,action,set_heating_power,设置加热功率,heating_power:float
电烤箱,electric_oven,action,set_rotation_speed,设置旋转速度,rotation_speed:float
电烤箱,electric_oven,action,set_hot_air_speed,设置热风转速,hot_air_speed:float
电烤箱,electric_oven,action,set_temperature,设置温度,temperature:float
电烤箱,electric_oven,action,start,启动,
电烤箱,electric_oven,property,status,设备运行状态,str
电烤箱,electric_oven,property,fault,故障,bool
电烤箱,electric_oven,property,idle,空闲,bool
电烤箱,electric_oven,property,device_ready,设备就绪,bool
电烤箱,electric_oven,property,fault_code,故障代码,int
电烤箱,electric_oven,property,current_run_step,当前运行步骤,int
电烤箱,electric_oven,property,current_temperature,当前温度,float
电烤箱,electric_oven,property,remaining_baking_time,剩余烘烤时间,float
电烤箱,electric_oven,property,current_heating_power,实际加热功率,float
蒸箱,steam_oven,action,initialize,初始化,
蒸箱,steam_oven,action,set_mode,设置运行模式,mode:str
蒸箱,steam_oven,action,set_steaming_time,设置蒸煮时间,steaming_time:float
蒸箱,steam_oven,action,set_steam_volume,设置蒸汽量,steam_volume:int
蒸箱,steam_oven,action,set_heating_power,设置加热功率,heating_power:float
蒸箱,steam_oven,action,set_temperature,设置温度,temperature:float
蒸箱,steam_oven,action,set_humidity,设置湿度,humidity:float
蒸箱,steam_oven,action,start,启动,
蒸箱,steam_oven,property,status,设备运行状态,str
蒸箱,steam_oven,property,fault,故障,bool
蒸箱,steam_oven,property,idle,空闲,bool
蒸箱,steam_oven,property,device_ready,设备就绪,bool
蒸箱,steam_oven,property,fault_code,故障代码,int
蒸箱,steam_oven,property,current_run_step,当前运行步骤,int
蒸箱,steam_oven,property,current_temperature,当前温度,float
蒸箱,steam_oven,property,current_humidity,当前湿度,float
蒸箱,steam_oven,property,remaining_steaming_time,剩余蒸煮时间,float
蒸箱,steam_oven,property,current_steam_volume,实际蒸汽量,int
蒸箱,steam_oven,property,current_heating_power,实际加热功率,float
蒸箱,steam_oven,property,pressure,压力监测,float
蒸箱,steam_oven,property,steam_temperature,蒸汽温度监测,float
微波炉,microwave_oven,action,initialize,初始化,
微波炉,microwave_oven,action,set_mode,设置运行模式,mode:str
微波炉,microwave_oven,action,set_heating_time,设置加热时间,heating_time:float
微波炉,microwave_oven,action,set_heating_mode,设置加热模式,heating_mode:str
微波炉,microwave_oven,action,set_turntable_speed,设置转盘转速,turntable_speed:float
微波炉,microwave_oven,action,set_power,设置功率,power:float
微波炉,microwave_oven,action,start,启动,
微波炉,microwave_oven,property,status,设备运行状态,str
微波炉,microwave_oven,property,fault,故障,bool
微波炉,microwave_oven,property,idle,空闲,bool
微波炉,microwave_oven,property,device_ready,设备就绪,bool
微波炉,microwave_oven,property,fault_code,故障代码,int
微波炉,microwave_oven,property,current_run_step,当前运行步骤,int
微波炉,microwave_oven,property,current_power,实际功率,float
微波炉,microwave_oven,property,remaining_heating_time,剩余加热时间,float
微波炉,microwave_oven,property,humidity,湿度监测,float
微波炉,microwave_oven,property,weight,重量检测,float
微波炉,microwave_oven,property,door_state,门状态监测,int
反应釜,reactor_kettle,action,initialize,初始化,
反应釜,reactor_kettle,action,set_mode,设置运行模式,mode:str
反应釜,reactor_kettle,action,set_target_internal_temp,设置目标内温,target_internal_temp:int
反应釜,reactor_kettle,action,set_stir_speed,设置搅拌转速,stir_speed:float
反应釜,reactor_kettle,action,start_stirring,搅拌启动,
反应釜,reactor_kettle,action,control_temperature,控温,
反应釜,reactor_kettle,property,status,设备运行状态,str
反应釜,reactor_kettle,property,fault,故障,bool
反应釜,reactor_kettle,property,idle,空闲,bool
反应釜,reactor_kettle,property,device_ready,设备就绪,bool
反应釜,reactor_kettle,property,stir_completed,搅拌完成,bool
反应釜,reactor_kettle,property,fault_code,故障代码,int
反应釜,reactor_kettle,property,current_stir_speed,实际搅拌转速,float
反应釜,reactor_kettle,property,current_internal_temp,实际内温监测,int
塔式反应器,tower_reactor,action,initialize,初始化,
塔式反应器,tower_reactor,action,set_mode,设置运行模式,mode:str
塔式反应器,tower_reactor,action,set_reflux_ratio,设置回流比,reflux_ratio:float
塔式反应器,tower_reactor,action,feed_pump,进料泵,
塔式反应器,tower_reactor,action,reflux,回流,
塔式反应器,tower_reactor,property,status,设备运行状态,str
塔式反应器,tower_reactor,property,fault,故障,bool
塔式反应器,tower_reactor,property,idle,空闲,bool
塔式反应器,tower_reactor,property,device_ready,设备就绪,bool
塔式反应器,tower_reactor,property,fault_code,故障代码,int
塔式反应器,tower_reactor,property,current_liquid_level,实际液位高度,float
管式反应器,tubular_reactor,action,initialize,初始化,
管式反应器,tubular_reactor,action,set_mode,设置运行模式,mode:str
管式反应器,tubular_reactor,action,set_zone1_target_temp,设置段1目标温度,zone1_target_temp:float
管式反应器,tubular_reactor,action,set_zone2_target_temp,设置段2目标温度,zone2_target_temp:float
管式反应器,tubular_reactor,action,set_system_backpressure,设置系统背压,system_backpressure:int
管式反应器,tubular_reactor,action,control_temp_zone1,段1控温,
管式反应器,tubular_reactor,action,control_temp_zone2,段2控温,
管式反应器,tubular_reactor,action,feed_pump,进料泵,
管式反应器,tubular_reactor,action,adjust_backpressure_valve,背压阀调节,
管式反应器,tubular_reactor,property,status,设备运行状态,str
管式反应器,tubular_reactor,property,fault,故障,bool
管式反应器,tubular_reactor,property,idle,空闲,bool
管式反应器,tubular_reactor,property,device_ready,设备就绪,bool
管式反应器,tubular_reactor,property,fault_code,故障代码,int
管式反应器,tubular_reactor,property,current_zone_1_temperature,段1实际温度,float
管式反应器,tubular_reactor,property,current_zone_2_temperature,段2实际温度,float
管式反应器,tubular_reactor,property,current_backpressure,实际背压监测,int
床层反应器,bed_reactor,action,initialize,初始化,
床层反应器,bed_reactor,action,set_mode,设置运行模式,mode:str
床层反应器,bed_reactor,action,heat,加热,
床层反应器,bed_reactor,property,status,设备运行状态,str
床层反应器,bed_reactor,property,fault,故障,bool
床层反应器,bed_reactor,property,idle,空闲,bool
床层反应器,bed_reactor,property,device_ready,设备就绪,bool
床层反应器,bed_reactor,property,fault_code,故障代码,int
固定床反应器,fixed_bed_reactor,action,initialize,初始化,
固定床反应器,fixed_bed_reactor,action,set_mode,设置运行模式,mode:str
固定床反应器,fixed_bed_reactor,action,set_mfc_flow,设置MFC流量,mfc_flow:float
固定床反应器,fixed_bed_reactor,action,open_gas_path,气路开启,
固定床反应器,fixed_bed_reactor,action,purge,吹扫,
固定床反应器,fixed_bed_reactor,property,status,设备运行状态,str
固定床反应器,fixed_bed_reactor,property,fault,故障,bool
固定床反应器,fixed_bed_reactor,property,idle,空闲,bool
固定床反应器,fixed_bed_reactor,property,device_ready,设备就绪,bool
固定床反应器,fixed_bed_reactor,property,fault_code,故障代码,int
固定床反应器,fixed_bed_reactor,property,current_mfc_flow,MFC实际流量,float
流化床反应器,fluidized_bed_reactor,action,initialize,初始化,
流化床反应器,fluidized_bed_reactor,action,set_mode,设置运行模式,mode:str
流化床反应器,fluidized_bed_reactor,action,set_fluidization_wind_speed,设置流化风速,fluidization_wind_speed:int
流化床反应器,fluidized_bed_reactor,action,preheat_gas,预热气,
流化床反应器,fluidized_bed_reactor,action,feed,加料,
流化床反应器,fluidized_bed_reactor,property,status,设备运行状态,str
流化床反应器,fluidized_bed_reactor,property,fault,故障,bool
流化床反应器,fluidized_bed_reactor,property,idle,空闲,bool
流化床反应器,fluidized_bed_reactor,property,device_ready,设备就绪,bool
流化床反应器,fluidized_bed_reactor,property,fault_code,故障代码,int
流化床反应器,fluidized_bed_reactor,property,current_fluidization_wind_speed,实际流化风速,int
微通道反应器,microchannel_reactor,action,initialize,初始化,
微通道反应器,microchannel_reactor,action,set_mode,设置运行模式,mode:str
微通道反应器,microchannel_reactor,action,set_mix_ratio,设置混合比例,mix_ratio:float
微通道反应器,microchannel_reactor,action,start_pump_a,泵A启动,
微通道反应器,microchannel_reactor,action,start_pump_b,泵B启动,
微通道反应器,microchannel_reactor,property,status,设备运行状态,str
微通道反应器,microchannel_reactor,property,fault,故障,bool
微通道反应器,microchannel_reactor,property,idle,空闲,bool
微通道反应器,microchannel_reactor,property,device_ready,设备就绪,bool
微通道反应器,microchannel_reactor,property,fault_code,故障代码,int
微通道反应器,microchannel_reactor,property,module_1_temperature,模块1温度,float
微通道反应器,microchannel_reactor,property,module_2_temperature,模块2温度,float
微波合成反应仪,microwave_synthesis_reactor,action,initialize,初始化,
微波合成反应仪,microwave_synthesis_reactor,action,set_mode,设置运行模式,mode:str
微波合成反应仪,microwave_synthesis_reactor,action,emit_microwave,微波发射,
微波合成反应仪,microwave_synthesis_reactor,action,stir,搅拌,
微波合成反应仪,microwave_synthesis_reactor,property,status,设备运行状态,str
微波合成反应仪,microwave_synthesis_reactor,property,fault,故障,bool
微波合成反应仪,microwave_synthesis_reactor,property,idle,空闲,bool
微波合成反应仪,microwave_synthesis_reactor,property,device_ready,设备就绪,bool
微波合成反应仪,microwave_synthesis_reactor,property,fault_code,故障代码,int
微波合成反应仪,microwave_synthesis_reactor,property,current_microwave_power,微波实际功率,float
微波合成反应仪,microwave_synthesis_reactor,property,reaction_pressure,反应压力监测,float
组合合成反应仪,combinatorial_synthesis_reactor,action,initialize,初始化,
组合合成反应仪,combinatorial_synthesis_reactor,action,set_mode,设置运行模式,mode:str
组合合成反应仪,combinatorial_synthesis_reactor,action,locate_station,工位定位,
组合合成反应仪,combinatorial_synthesis_reactor,action,multichannel_feed,多通道加料,
组合合成反应仪,combinatorial_synthesis_reactor,property,status,设备运行状态,str
组合合成反应仪,combinatorial_synthesis_reactor,property,fault,故障,bool
组合合成反应仪,combinatorial_synthesis_reactor,property,idle,空闲,bool
组合合成反应仪,combinatorial_synthesis_reactor,property,device_ready,设备就绪,bool
组合合成反应仪,combinatorial_synthesis_reactor,property,fault_code,故障代码,int
组合合成反应仪,combinatorial_synthesis_reactor,property,current_station_number,当前工位编号,str
合成反应仪,synthesis_reactor,action,initialize,初始化,
合成反应仪,synthesis_reactor,action,set_mode,设置运行模式,mode:str
合成反应仪,synthesis_reactor,action,set_target_temperature,设置目标温度,target_temperature:float
合成反应仪,synthesis_reactor,action,set_stir_speed,设置搅拌转速,stir_speed:float
合成反应仪,synthesis_reactor,action,control_temperature,控温,
合成反应仪,synthesis_reactor,action,stir,搅拌,
合成反应仪,synthesis_reactor,property,status,设备运行状态,str
合成反应仪,synthesis_reactor,property,fault,故障,bool
合成反应仪,synthesis_reactor,property,idle,空闲,bool
合成反应仪,synthesis_reactor,property,device_ready,设备就绪,bool
合成反应仪,synthesis_reactor,property,fault_code,故障代码,int
合成反应仪,synthesis_reactor,property,current_temperature,实际温度显示,float
机械搅拌反应釜,mechanical_stirred_reactor,action,initialize,初始化,
机械搅拌反应釜,mechanical_stirred_reactor,action,set_mode,设置运行模式,mode:str
机械搅拌反应釜,mechanical_stirred_reactor,action,set_frequency,设置频率,frequency:float
机械搅拌反应釜,mechanical_stirred_reactor,action,set_frequency_2,变频,
机械搅拌反应釜,mechanical_stirred_reactor,property,status,设备运行状态,str
机械搅拌反应釜,mechanical_stirred_reactor,property,fault,故障,bool
机械搅拌反应釜,mechanical_stirred_reactor,property,idle,空闲,bool
机械搅拌反应釜,mechanical_stirred_reactor,property,device_ready,设备就绪,bool
机械搅拌反应釜,mechanical_stirred_reactor,property,fault_code,故障代码,int
机械搅拌反应釜,mechanical_stirred_reactor,property,current_frequency,实际频率显示,float
机械搅拌反应釜,mechanical_stirred_reactor,property,output_current,输出电流显示,float
机械搅拌反应釜,mechanical_stirred_reactor,property,torque_percent,扭矩百分比显示,float
并行反应仪,parallel_reactor,action,initialize,初始化,
并行反应仪,parallel_reactor,action,set_mode,设置运行模式,mode:str
并行反应仪,parallel_reactor,action,set_channel1_temperature,设置通道1温度,channel1_temperature:float
并行反应仪,parallel_reactor,action,set_channel2_temperature,设置通道2温度,channel2_temperature:float
并行反应仪,parallel_reactor,action,heat_channel1,通道1加热,
并行反应仪,parallel_reactor,action,heat_channel2,通道2加热,
并行反应仪,parallel_reactor,property,status,设备运行状态,str
并行反应仪,parallel_reactor,property,fault,故障,bool
并行反应仪,parallel_reactor,property,idle,空闲,bool
并行反应仪,parallel_reactor,property,device_ready,设备就绪,bool
并行反应仪,parallel_reactor,property,fault_code,故障代码,int
并行反应仪,parallel_reactor,property,current_channel1_temperature,通道1实际温度,float
并行反应仪,parallel_reactor,property,current_channel2_temperature,通道2实际温度,float
催化剂评价装置,catalyst_evaluation_unit,action,initialize,初始化,
催化剂评价装置,catalyst_evaluation_unit,action,set_mode,设置运行模式,mode:str
催化剂评价装置,catalyst_evaluation_unit,action,inject,进样,
催化剂评价装置,catalyst_evaluation_unit,action,sample,采样,
催化剂评价装置,catalyst_evaluation_unit,property,status,设备运行状态,str
催化剂评价装置,catalyst_evaluation_unit,property,fault,故障,bool
催化剂评价装置,catalyst_evaluation_unit,property,idle,空闲,bool
催化剂评价装置,catalyst_evaluation_unit,property,device_ready,设备就绪,bool
催化剂评价装置,catalyst_evaluation_unit,property,fault_code,故障代码,int
光化学反应器,photochemical_reactor,action,initialize,初始化,
光化学反应器,photochemical_reactor,action,set_mode,设置运行模式,mode:str
光化学反应器,photochemical_reactor,action,set_light_intensity,设置光源强度,light_intensity:int
光化学反应器,photochemical_reactor,action,turn_on_light,光源开启,
光化学反应器,photochemical_reactor,property,status,设备运行状态,str
光化学反应器,photochemical_reactor,property,fault,故障,bool
光化学反应器,photochemical_reactor,property,idle,空闲,bool
光化学反应器,photochemical_reactor,property,device_ready,设备就绪,bool
光化学反应器,photochemical_reactor,property,fault_code,故障代码,int
光化学反应器,photochemical_reactor,property,current_light_intensity,实际光强监测,float
电化学反应器,electrochemical_reactor,action,initialize,初始化,
电化学反应器,electrochemical_reactor,action,set_mode,设置运行模式,mode:str
电化学反应器,electrochemical_reactor,action,set_target_current,设置目标电流,target_current:float
电化学反应器,electrochemical_reactor,action,reverse_polarity,极性反转,
电化学反应器,electrochemical_reactor,action,power_on,通电,
电化学反应器,electrochemical_reactor,property,status,设备运行状态,str
电化学反应器,electrochemical_reactor,property,fault,故障,bool
电化学反应器,electrochemical_reactor,property,idle,空闲,bool
电化学反应器,electrochemical_reactor,property,device_ready,设备就绪,bool
电化学反应器,electrochemical_reactor,property,fault_code,故障代码,int
电化学反应器,electrochemical_reactor,property,current_current,实际电流监测,float
电化学反应器,electrochemical_reactor,property,current_voltage,实际电压监测,float
高压反应器,high_pressure_reactor,action,initialize,初始化,
高压反应器,high_pressure_reactor,action,set_mode,设置运行模式,mode:str
高压反应器,high_pressure_reactor,action,set_pressurization,设置充压,pressurization:float
高压反应器,high_pressure_reactor,action,feed_pump,进料泵,
高压反应器,high_pressure_reactor,property,status,设备运行状态,str
高压反应器,high_pressure_reactor,property,fault,故障,bool
高压反应器,high_pressure_reactor,property,idle,空闲,bool
高压反应器,high_pressure_reactor,property,device_ready,设备就绪,bool
高压反应器,high_pressure_reactor,property,fault_code,故障代码,int
高压反应器,high_pressure_reactor,property,current_pressure,实际压力监测,float
固体称量工作站,solid_weighing_station,action,initialize,初始化,
固体称量工作站,solid_weighing_station,action,set_mode,设置运行模式,mode:str
固体称量工作站,solid_weighing_station,action,set_weighing_precision,设置称量精度,weighing_precision:int
固体称量工作站,solid_weighing_station,action,set_discharge_speed,设置卸料速度,discharge_speed:float
固体称量工作站,solid_weighing_station,action,set_weighed_weight,设置称量重量,weighed_weight:float
固体称量工作站,solid_weighing_station,action,weigh,称量,
固体称量工作站,solid_weighing_station,action,discharge,卸料,
固体称量工作站,solid_weighing_station,action,calibrate,校准,
固体称量工作站,solid_weighing_station,action,tare,去皮,
固体称量工作站,solid_weighing_station,property,status,设备运行状态,str
固体称量工作站,solid_weighing_station,property,fault,故障,bool
固体称量工作站,solid_weighing_station,property,idle,空闲,bool
固体称量工作站,solid_weighing_station,property,device_ready,设备就绪,bool
固体称量工作站,solid_weighing_station,property,fault_code,故障代码,int
固体称量工作站,solid_weighing_station,property,current_weighed_weight,实际称量重量,float
顶置失重固体投料模块,overhead_loss_in_weight_feeder,action,initialize,初始化,
顶置失重固体投料模块,overhead_loss_in_weight_feeder,action,set_mode,设置运行模式,mode:str
顶置失重固体投料模块,overhead_loss_in_weight_feeder,action,set_stir_speed,设置搅拌速度,stir_speed:float
顶置失重固体投料模块,overhead_loss_in_weight_feeder,action,set_charge_amount,设置投料量,charge_amount:float
顶置失重固体投料模块,overhead_loss_in_weight_feeder,action,set_weight_loss_rate,设置失重率,weight_loss_rate:float
顶置失重固体投料模块,overhead_loss_in_weight_feeder,action,charge,投料,
顶置失重固体投料模块,overhead_loss_in_weight_feeder,action,replenish,补料,
顶置失重固体投料模块,overhead_loss_in_weight_feeder,property,status,设备运行状态,str
顶置失重固体投料模块,overhead_loss_in_weight_feeder,property,fault,故障,bool
顶置失重固体投料模块,overhead_loss_in_weight_feeder,property,idle,空闲,bool
顶置失重固体投料模块,overhead_loss_in_weight_feeder,property,device_ready,设备就绪,bool
顶置失重固体投料模块,overhead_loss_in_weight_feeder,property,weight_loss_stable_state,失重稳定状态,bool
顶置失重固体投料模块,overhead_loss_in_weight_feeder,property,fault_code,故障代码,int
顶置失重固体投料模块,overhead_loss_in_weight_feeder,property,current_charge_amount,实际投料量,int
顶置失重固体投料模块,overhead_loss_in_weight_feeder,property,current_weight_loss_rate,实际失重率,int
振动固体加料模块,vibratory_solid_feeder,action,initialize,初始化,
振动固体加料模块,vibratory_solid_feeder,action,set_mode,设置运行模式,mode:str
振动固体加料模块,vibratory_solid_feeder,action,set_vibration_frequency,设置振动频率,vibration_frequency:float
振动固体加料模块,vibratory_solid_feeder,action,set_vibration_amplitude,设置振动振幅,vibration_amplitude:int
振动固体加料模块,vibratory_solid_feeder,action,set_feed_time,设置加料时间,feed_time:float
振动固体加料模块,vibratory_solid_feeder,action,set_feed_amount,设置加料量,feed_amount:float
振动固体加料模块,vibratory_solid_feeder,action,feed,加料,
振动固体加料模块,vibratory_solid_feeder,action,clear_clog,清堵,
振动固体加料模块,vibratory_solid_feeder,property,status,设备运行状态,str
振动固体加料模块,vibratory_solid_feeder,property,fault,故障,bool
振动固体加料模块,vibratory_solid_feeder,property,idle,空闲,bool
振动固体加料模块,vibratory_solid_feeder,property,device_ready,设备就绪,bool
振动固体加料模块,vibratory_solid_feeder,property,fault_code,故障代码,int
振动固体加料模块,vibratory_solid_feeder,property,current_feed_amount,实际加料量,int
振动固体加料模块,vibratory_solid_feeder,property,current_vibration_frequency,实际振动频率,float
蠕动泵,peristaltic_pump,action,initialize,初始化,
蠕动泵,peristaltic_pump,action,set_speed,设置转动速度,speed:float
蠕动泵,peristaltic_pump,action,set_duration,设置转动时间,duration:float
蠕动泵,peristaltic_pump,action,rotate_forward,正转,
蠕动泵,peristaltic_pump,action,rotate_reverse,反转,
蠕动泵,peristaltic_pump,property,status,设备运行状态,str
蠕动泵,peristaltic_pump,property,fault,故障,bool
蠕动泵,peristaltic_pump,property,idle,空闲,bool
蠕动泵,peristaltic_pump,property,fault_code,故障代码,int
恒流泵,constant_flow_pump,action,initialize,初始化,
恒流泵,constant_flow_pump,action,set_flow,设置流量,flow:float
恒流泵,constant_flow_pump,action,set_run_time,设置运行时间,run_time:float
恒流泵,constant_flow_pump,action,calibrate_flow,流量校准,
恒流泵,constant_flow_pump,action,run,运行,
恒流泵,constant_flow_pump,action,stop,停止,
恒流泵,constant_flow_pump,property,status,设备运行状态,str
恒流泵,constant_flow_pump,property,fault,故障,bool
恒流泵,constant_flow_pump,property,idle,空闲,bool
恒流泵,constant_flow_pump,property,fault_code,故障代码,int
恒流泵,constant_flow_pump,property,current_flow,当前流量显示,float
恒流泵,constant_flow_pump,property,cumulative_flow,累计流量显示,float
柱塞泵,plunger_pump,action,initialize,初始化,
柱塞泵,plunger_pump,action,set_reciprocating_frequency,设置往复频率,reciprocating_frequency:float
柱塞泵,plunger_pump,action,set_stroke_length,设置行程长度,stroke_length:int
柱塞泵,plunger_pump,action,set_stroke_count,设置冲程数,stroke_count:int
柱塞泵,plunger_pump,action,pump,泵送,
柱塞泵,plunger_pump,property,status,设备运行状态,str
柱塞泵,plunger_pump,property,fault,故障,bool
柱塞泵,plunger_pump,property,idle,空闲,bool
柱塞泵,plunger_pump,property,fault_code,故障代码,int
注射泵,syringe_pump,action,initialize,初始化,
注射泵,syringe_pump,action,set_position,设置绝对位置,position:float
注射泵,syringe_pump,action,set_aspirate_position,设置抽液位置,aspirate_position:float
注射泵,syringe_pump,action,set_dispense_position,设置排液位置,dispense_position:float
注射泵,syringe_pump,action,move_absolute,绝对控制,
注射泵,syringe_pump,action,aspirate,抽液,
注射泵,syringe_pump,action,dispense,排液,
注射泵,syringe_pump,property,status,设备运行状态,str
注射泵,syringe_pump,property,fault,故障,bool
注射泵,syringe_pump,property,idle,空闲,bool
注射泵,syringe_pump,property,fault_code,故障代码,int
注射泵,syringe_pump,property,current_position,当前位置显示,float
真空泵,vacuum_pump,action,initialize,初始化,
真空泵,vacuum_pump,action,set_target_vacuum,设置目标真空度,target_vacuum:float
真空泵,vacuum_pump,action,start,启动,
真空泵,vacuum_pump,action,stop,停止,
真空泵,vacuum_pump,property,status,设备运行状态,str
真空泵,vacuum_pump,property,fault,故障,bool
真空泵,vacuum_pump,property,idle,空闲,bool
真空泵,vacuum_pump,property,high_pressure_protection_state,高压保护状态,bool
真空泵,vacuum_pump,property,low_pressure_protection_state,低压保护状态,bool
真空泵,vacuum_pump,property,fault_code,故障代码,int
真空泵,vacuum_pump,property,current_vacuum,当前真空度显示,float
多通阀,multiway_valve,action,initialize,初始化,
多通阀,multiway_valve,action,set_position,设置绝对位置,position:float
多通阀,multiway_valve,action,switch_position,切换阀位,
多通阀,multiway_valve,property,status,设备运行状态,str
多通阀,multiway_valve,property,fault,故障,bool
多通阀,multiway_valve,property,idle,空闲,bool
多通阀,multiway_valve,property,fault_code,故障代码,int
多通阀,multiway_valve,property,current_position,当前位置显示,float
电磁开关阀,solenoid_on_off_valve,action,initialize,初始化,
电磁开关阀,solenoid_on_off_valve,action,set_open_time,设置打开时间,open_time:float
电磁开关阀,solenoid_on_off_valve,action,set_close_time,设置关闭时间,close_time:float
电磁开关阀,solenoid_on_off_valve,action,open,打开,
电磁开关阀,solenoid_on_off_valve,action,close,关闭,
电磁开关阀,solenoid_on_off_valve,property,status,设备运行状态,str
电磁开关阀,solenoid_on_off_valve,property,fault,故障,bool
电磁开关阀,solenoid_on_off_valve,property,idle,空闲,bool
电磁开关阀,solenoid_on_off_valve,property,fault_code,故障代码,int
电磁开关阀,solenoid_on_off_valve,property,current_switch,当前开关显示,bool
电磁三通阀,solenoid_three_way_valve,action,initialize,初始化,
电磁三通阀,solenoid_three_way_valve,action,set_position,设置绝对位置,position:float
电磁三通阀,solenoid_three_way_valve,action,switch_position,切换阀位,
电磁三通阀,solenoid_three_way_valve,property,status,设备运行状态,str
电磁三通阀,solenoid_three_way_valve,property,fault,故障,bool
电磁三通阀,solenoid_three_way_valve,property,idle,空闲,bool
电磁三通阀,solenoid_three_way_valve,property,fault_code,故障代码,int
电磁三通阀,solenoid_three_way_valve,property,current_position,当前位置显示,float
一体化配粉配液站,integrated_powder_liquid_station,action,initialize,初始化,
一体化配粉配液站,integrated_powder_liquid_station,action,set_mode,设置运行模式,mode:str
一体化配粉配液站,integrated_powder_liquid_station,action,set_recipe_number,设置配方编号,recipe_number:str
一体化配粉配液站,integrated_powder_liquid_station,action,set_stir_speed,设置搅拌速度,stir_speed:float
一体化配粉配液站,integrated_powder_liquid_station,action,set_stir_time,设置搅拌时间,stir_time:float
一体化配粉配液站,integrated_powder_liquid_station,action,start_powder_prep,配粉启动,
一体化配粉配液站,integrated_powder_liquid_station,action,start_liquid_prep,配液启动,
一体化配粉配液站,integrated_powder_liquid_station,action,start_stirring,搅拌启动,
一体化配粉配液站,integrated_powder_liquid_station,action,drain,排空,
一体化配粉配液站,integrated_powder_liquid_station,property,status,设备运行状态,str
一体化配粉配液站,integrated_powder_liquid_station,property,fault,故障,bool
一体化配粉配液站,integrated_powder_liquid_station,property,idle,空闲,bool
一体化配粉配液站,integrated_powder_liquid_station,property,device_ready,设备就绪,bool
一体化配粉配液站,integrated_powder_liquid_station,property,stir_completed,搅拌完成,bool
一体化配粉配液站,integrated_powder_liquid_station,property,fault_code,故障代码,int
一体化配粉配液站,integrated_powder_liquid_station,property,current_powder_prep_weight,实际配粉重量,float
一体化配粉配液站,integrated_powder_liquid_station,property,current_liquid_prep_volume,实际配液体积,float
一体化配粉配液站,integrated_powder_liquid_station,property,current_stir_speed,实际搅拌速度,float
一体化配粉配液站,integrated_powder_liquid_station,property,device_temperature,设备温度显示,float
投料反应站,charging_reaction_station,action,initialize,初始化,
投料反应站,charging_reaction_station,action,set_mode,设置运行模式,mode:str
投料反应站,charging_reaction_station,action,set_reaction_temperature,设置反应温度,reaction_temperature:float
投料反应站,charging_reaction_station,action,set_stir_speed,设置搅拌速度,stir_speed:float
投料反应站,charging_reaction_station,action,set_reaction_time,设置反应时间,reaction_time:float
投料反应站,charging_reaction_station,action,start_charging,投料启动,
投料反应站,charging_reaction_station,action,start_reaction,反应启动,
投料反应站,charging_reaction_station,action,start_stirring,搅拌启动,
投料反应站,charging_reaction_station,action,start_temp_control,温控启动,
投料反应站,charging_reaction_station,property,status,设备运行状态,str
投料反应站,charging_reaction_station,property,fault,故障,bool
投料反应站,charging_reaction_station,property,idle,空闲,bool
投料反应站,charging_reaction_station,property,device_ready,设备就绪,bool
投料反应站,charging_reaction_station,property,reaction_completed,反应完成,bool
投料反应站,charging_reaction_station,property,stir_completed,搅拌完成,bool
投料反应站,charging_reaction_station,property,fault_code,故障代码,int
投料反应站,charging_reaction_station,property,current_charge_weight,实际投料重量,float
投料反应站,charging_reaction_station,property,current_reaction_temperature,实际反应温度,float
投料反应站,charging_reaction_station,property,current_stir_speed,实际搅拌速度,float
投料反应站,charging_reaction_station,property,current_reaction_time,实际反应时间,float
投料反应站,charging_reaction_station,property,liquid_level,液位高度显示,float
移液器,pipette,action,initialize,初始化,
移液器,pipette,action,set_mode,设置运行模式,mode:str
移液器,pipette,action,set_aspirate_volume,设置吸液体积,aspirate_volume:float
移液器,pipette,action,set_dispense_volume,设置排液体积,dispense_volume:float
移液器,pipette,action,set_aspirate_speed,设置吸液速度,aspirate_speed:float
移液器,pipette,action,set_dispense_speed,设置排液速度,dispense_speed:float
移液器,pipette,action,set_tip_position,设置枪头位置,tip_position:float
移液器,pipette,action,draw_liquid,吸液,
移液器,pipette,action,dispense,排液,
移液器,pipette,action,attach_tip,枪头安装,
移液器,pipette,action,discard_tip,枪头丢弃,
移液器,pipette,property,status,设备运行状态,str
移液器,pipette,property,fault,故障,bool
移液器,pipette,property,idle,空闲,bool
移液器,pipette,property,device_ready,设备就绪,bool
移液器,pipette,property,fault_code,故障代码,int
移液器,pipette,property,current_aspirate_volume,实际吸液体积,float
移液器,pipette,property,current_dispense_volume,实际排液体积,float
移液器,pipette,property,current_tip_position,实际枪头位置,float
移液器,pipette,property,tip_state,枪头状态,int
移液工作站,liquid_handling_workstation,action,initialize,初始化,
移液工作站,liquid_handling_workstation,action,set_mode,设置运行模式,mode:str
移液工作站,liquid_handling_workstation,action,set_aspirate_volume,设置吸液体积,aspirate_volume:float
移液工作站,liquid_handling_workstation,action,set_dispense_volume,设置排液体积,dispense_volume:float
移液工作站,liquid_handling_workstation,action,set_pipette_speed,设置移液速度,pipette_speed:float
移液工作站,liquid_handling_workstation,action,set_target_well,设置目标孔位,target_well:int
移液工作站,liquid_handling_workstation,action,draw_liquid,吸液,
移液工作站,liquid_handling_workstation,action,dispense,排液,
移液工作站,liquid_handling_workstation,action,pipette_path,移液路径,
移液工作站,liquid_handling_workstation,action,change_tip,枪头更换,
移液工作站,liquid_handling_workstation,property,status,设备运行状态,str
移液工作站,liquid_handling_workstation,property,fault,故障,bool
移液工作站,liquid_handling_workstation,property,idle,空闲,bool
移液工作站,liquid_handling_workstation,property,device_ready,设备就绪,bool
移液工作站,liquid_handling_workstation,property,fault_code,故障代码,int
移液工作站,liquid_handling_workstation,property,current_aspirate_volume,实际吸液体积,float
移液工作站,liquid_handling_workstation,property,current_dispense_volume,实际排液体积,float
移液工作站,liquid_handling_workstation,property,current_pipette_speed,实际移液速度,float
移液工作站,liquid_handling_workstation,property,tip_state,枪头状态,int
移液工作站,liquid_handling_workstation,property,liquid_level,液位检测值,float
自动滴定仪,auto_titrator,action,initialize,初始化,
自动滴定仪,auto_titrator,action,set_mode,设置运行模式,mode:str
自动滴定仪,auto_titrator,action,set_titration_endpoint,设置滴定终点,titration_endpoint:int
自动滴定仪,auto_titrator,action,set_stir_speed,设置搅拌速度,stir_speed:float
自动滴定仪,auto_titrator,action,set_titrant_volume,设置滴定液体积,titrant_volume:float
自动滴定仪,auto_titrator,action,start_titration,滴定启动,
自动滴定仪,auto_titrator,action,start_add_liquid,加液启动,
自动滴定仪,auto_titrator,action,start_stirring,搅拌启动,
自动滴定仪,auto_titrator,action,clean,清洗,
自动滴定仪,auto_titrator,property,status,设备运行状态,str
自动滴定仪,auto_titrator,property,fault,故障,bool
自动滴定仪,auto_titrator,property,idle,空闲,bool
自动滴定仪,auto_titrator,property,device_ready,设备就绪,bool
自动滴定仪,auto_titrator,property,titration_completed,滴定完成,bool
自动滴定仪,auto_titrator,property,stir_completed,搅拌完成,bool
自动滴定仪,auto_titrator,property,fault_code,故障代码,int
自动滴定仪,auto_titrator,property,current_titrant_volume,实际滴定液体积,float
自动滴定仪,auto_titrator,property,current_titration_endpoint,实际滴定终点,int
自动滴定仪,auto_titrator,property,current_stir_speed,实际搅拌速度,float
真空吸液系统,vacuum_aspiration_system,action,initialize,初始化,
真空吸液系统,vacuum_aspiration_system,action,set_mode,设置运行模式,mode:str
真空吸液系统,vacuum_aspiration_system,action,set_vacuum,设置真空度,vacuum:float
真空吸液系统,vacuum_aspiration_system,action,set_aspirate_time,设置吸液时间,aspirate_time:float
真空吸液系统,vacuum_aspiration_system,action,set_aspirate_volume,设置吸液体积,aspirate_volume:float
真空吸液系统,vacuum_aspiration_system,action,start_draw_liquid,吸液启动,
真空吸液系统,vacuum_aspiration_system,action,start_vacuum,真空启动,
真空吸液系统,vacuum_aspiration_system,action,dispense,排液,
真空吸液系统,vacuum_aspiration_system,action,clean,清洗,
真空吸液系统,vacuum_aspiration_system,property,status,设备运行状态,str
真空吸液系统,vacuum_aspiration_system,property,fault,故障,bool
真空吸液系统,vacuum_aspiration_system,property,idle,空闲,bool
真空吸液系统,vacuum_aspiration_system,property,device_ready,设备就绪,bool
真空吸液系统,vacuum_aspiration_system,property,vacuum_completed,真空完成,bool
真空吸液系统,vacuum_aspiration_system,property,fault_code,故障代码,int
真空吸液系统,vacuum_aspiration_system,property,current_vacuum,实际真空度,float
真空吸液系统,vacuum_aspiration_system,property,current_aspirate_time,实际吸液时间,float
真空吸液系统,vacuum_aspiration_system,property,current_aspirate_volume,实际吸液体积,float
真空吸液系统,vacuum_aspiration_system,property,filter_state,过滤器状态,int
开关盖加液模块,cap_and_dispense_module,action,initialize,初始化,
开关盖加液模块,cap_and_dispense_module,action,set_mode,设置运行模式,mode:str
开关盖加液模块,cap_and_dispense_module,action,set_add_volume,设置加液体积,add_volume:float
开关盖加液模块,cap_and_dispense_module,action,set_cap_height,设置开盖高度,cap_height:float
开关盖加液模块,cap_and_dispense_module,action,set_cap_torque,设置关盖扭矩,cap_torque:float
开关盖加液模块,cap_and_dispense_module,action,set_container_position,设置容器位置,container_position:float
开关盖加液模块,cap_and_dispense_module,action,open_cap,开盖,
开关盖加液模块,cap_and_dispense_module,action,close_cap,关盖,
开关盖加液模块,cap_and_dispense_module,action,add_liquid,加液,
开关盖加液模块,cap_and_dispense_module,action,position,定位,
开关盖加液模块,cap_and_dispense_module,property,status,设备运行状态,str
开关盖加液模块,cap_and_dispense_module,property,fault,故障,bool
开关盖加液模块,cap_and_dispense_module,property,idle,空闲,bool
开关盖加液模块,cap_and_dispense_module,property,device_ready,设备就绪,bool
开关盖加液模块,cap_and_dispense_module,property,fault_code,故障代码,int
开关盖加液模块,cap_and_dispense_module,property,current_add_volume,实际加液体积,float
开关盖加液模块,cap_and_dispense_module,property,current_cap_height,实际开盖高度,float
开关盖加液模块,cap_and_dispense_module,property,current_cap_torque,实际关盖扭矩,float
开关盖加液模块,cap_and_dispense_module,property,current_container_position,实际容器位置,float
封膜仪,plate_sealer,action,initialize,初始化,
封膜仪,plate_sealer,action,set_mode,设置运行模式,mode:str
封膜仪,plate_sealer,action,set_sealing_temperature,设置封膜温度,sealing_temperature:float
封膜仪,plate_sealer,action,set_sealing_time,设置封膜时间,sealing_time:float
封膜仪,plate_sealer,action,set_film_feed_length,设置送膜长度,film_feed_length:int
封膜仪,plate_sealer,action,set_pressure,设置压力,pressure:float
封膜仪,plate_sealer,action,start_sealing,封膜启动,
封膜仪,plate_sealer,action,feed_film,送膜,
封膜仪,plate_sealer,action,start_heating,加热启动,
封膜仪,plate_sealer,action,cut,切割,
封膜仪,plate_sealer,property,status,设备运行状态,str
封膜仪,plate_sealer,property,fault,故障,bool
封膜仪,plate_sealer,property,idle,空闲,bool
封膜仪,plate_sealer,property,device_ready,设备就绪,bool
封膜仪,plate_sealer,property,sealing_completed,封膜完成,bool
封膜仪,plate_sealer,property,heating_completed,加热完成,bool
封膜仪,plate_sealer,property,fault_code,故障代码,int
封膜仪,plate_sealer,property,current_sealing_temperature,实际封膜温度,float
封膜仪,plate_sealer,property,current_sealing_time,实际封膜时间,float
封膜仪,plate_sealer,property,current_film_feed_length,实际送膜长度,int
封膜仪,plate_sealer,property,current_pressure,实际压力,float
撕膜仪,plate_peeler,action,initialize,初始化,
撕膜仪,plate_peeler,action,set_mode,设置运行模式,mode:str
撕膜仪,plate_peeler,action,set_peeling_speed,设置撕膜速度,peeling_speed:float
撕膜仪,plate_peeler,action,set_peeling_height,设置撕膜高度,peeling_height:float
撕膜仪,plate_peeler,action,set_grip_pressure,设置抓取压力,grip_pressure:float
撕膜仪,plate_peeler,action,set_container_position,设置容器位置,container_position:float
撕膜仪,plate_peeler,action,start_peeling,撕膜启动,
撕膜仪,plate_peeler,action,position,定位,
撕膜仪,plate_peeler,action,grip,抓取,
撕膜仪,plate_peeler,action,discard,丢弃,
撕膜仪,plate_peeler,property,status,设备运行状态,str
撕膜仪,plate_peeler,property,fault,故障,bool
撕膜仪,plate_peeler,property,idle,空闲,bool
撕膜仪,plate_peeler,property,device_ready,设备就绪,bool
撕膜仪,plate_peeler,property,peeling_completed,撕膜完成,bool
撕膜仪,plate_peeler,property,fault_code,故障代码,int
撕膜仪,plate_peeler,property,current_peeling_speed,实际撕膜速度,float
撕膜仪,plate_peeler,property,current_peeling_height,实际撕膜高度,float
撕膜仪,plate_peeler,property,current_grip_pressure,实际抓取压力,float
撕膜仪,plate_peeler,property,current_container_position,实际容器位置,float
离心机,centrifuge,action,initialize,初始化,
离心机,centrifuge,action,set_mode,设置运行模式,mode:str
离心机,centrifuge,action,set_centrifuge_time,设置离心时间,centrifuge_time:float
离心机,centrifuge,action,set_speed,设置转速,speed:float
离心机,centrifuge,action,centrifuge,离心,
离心机,centrifuge,action,open_cap,开盖,
离心机,centrifuge,property,status,设备运行状态,str
离心机,centrifuge,property,fault,故障,bool
离心机,centrifuge,property,idle,空闲,bool
离心机,centrifuge,property,device_ready,设备就绪,bool
离心机,centrifuge,property,fault_code,故障代码,int
离心机,centrifuge,property,current_speed,实际转速,float
离心机,centrifuge,property,current_run_time,实际运行时间,float
低温或冷冻离心机,refrigerated_centrifuge,action,initialize,初始化,
低温或冷冻离心机,refrigerated_centrifuge,action,set_mode,设置运行模式,mode:str
低温或冷冻离心机,refrigerated_centrifuge,action,set_speed,设置转速,speed:float
低温或冷冻离心机,refrigerated_centrifuge,action,set_temperature,设置温度,temperature:float
低温或冷冻离心机,refrigerated_centrifuge,action,centrifuge,离心,
低温或冷冻离心机,refrigerated_centrifuge,action,cool,制冷,
低温或冷冻离心机,refrigerated_centrifuge,property,status,设备运行状态,str
低温或冷冻离心机,refrigerated_centrifuge,property,fault,故障,bool
低温或冷冻离心机,refrigerated_centrifuge,property,idle,空闲,bool
低温或冷冻离心机,refrigerated_centrifuge,property,device_ready,设备就绪,bool
低温或冷冻离心机,refrigerated_centrifuge,property,fault_code,故障代码,int
低温或冷冻离心机,refrigerated_centrifuge,property,current_speed,实际转速,float
低温或冷冻离心机,refrigerated_centrifuge,property,current_temperature,实际温度,float
低温或冷冻离心机,refrigerated_centrifuge,property,centrifuge_time,离心时间,float
电泳仪,electrophoresis_device,action,initialize,初始化,
电泳仪,electrophoresis_device,action,set_mode,设置运行模式,mode:str
电泳仪,electrophoresis_device,action,set_voltage,设置电压,voltage:float
电泳仪,electrophoresis_device,action,set_current,设置电流,current:float
电泳仪,electrophoresis_device,action,set_power,设置功率,power:float
电泳仪,electrophoresis_device,action,electrophoresis,电泳,
电泳仪,electrophoresis_device,property,status,设备运行状态,str
电泳仪,electrophoresis_device,property,fault,故障,bool
电泳仪,electrophoresis_device,property,idle,空闲,bool
电泳仪,electrophoresis_device,property,device_ready,设备就绪,bool
电泳仪,electrophoresis_device,property,fault_code,故障代码,int
电泳仪,electrophoresis_device,property,current_voltage,实际电压,float
电泳仪,electrophoresis_device,property,current_current,实际电流,float
过滤器,filter,action,initialize,初始化,
过滤器,filter,action,set_mode,设置运行模式,mode:str
过滤器,filter,action,set_pressure,设置压力,pressure:float
过滤器,filter,action,set_flow,设置流量,flow:float
过滤器,filter,action,filter,过滤,
过滤器,filter,action,backwash,反冲洗,
过滤器,filter,property,status,设备运行状态,str
过滤器,filter,property,fault,故障,bool
过滤器,filter,property,idle,空闲,bool
过滤器,filter,property,device_ready,设备就绪,bool
过滤器,filter,property,fault_code,故障代码,int
过滤器,filter,property,current_pressure,实际压力,float
过滤器,filter,property,current_flow,实际流量,float
过滤器,filter,property,filtration_time,过滤时间,float
冷冻干燥机,freeze_dryer,action,initialize,初始化,
冷冻干燥机,freeze_dryer,action,set_mode,设置运行模式,mode:str
冷冻干燥机,freeze_dryer,action,set_vacuum,设置真空度,vacuum:float
冷冻干燥机,freeze_dryer,action,set_cold_trap_temp,设置冷阱温度,cold_trap_temp:float
冷冻干燥机,freeze_dryer,action,freeze_dry,冻干,
冷冻干燥机,freeze_dryer,action,cool,制冷,
冷冻干燥机,freeze_dryer,property,status,设备运行状态,str
冷冻干燥机,freeze_dryer,property,fault,故障,bool
冷冻干燥机,freeze_dryer,property,idle,空闲,bool
冷冻干燥机,freeze_dryer,property,device_ready,设备就绪,bool
冷冻干燥机,freeze_dryer,property,fault_code,故障代码,int
冷冻干燥机,freeze_dryer,property,current_cold_trap_temp,实际冷阱温度,float
冷冻干燥机,freeze_dryer,property,current_vacuum,实际真空度,float
冷冻干燥机,freeze_dryer,property,sample_temperature,样品温度,float
喷雾干燥机,spray_dryer,action,initialize,初始化,
喷雾干燥机,spray_dryer,action,set_mode,设置运行模式,mode:str
喷雾干燥机,spray_dryer,action,dry,干燥,
喷雾干燥机,spray_dryer,action,feed_in,进料,
喷雾干燥机,spray_dryer,property,status,设备运行状态,str
喷雾干燥机,spray_dryer,property,fault,故障,bool
喷雾干燥机,spray_dryer,property,idle,空闲,bool
喷雾干燥机,spray_dryer,property,device_ready,设备就绪,bool
喷雾干燥机,spray_dryer,property,fault_code,故障代码,int
喷雾干燥机,spray_dryer,property,feed_flow,进料流量,float
喷雾干燥机,spray_dryer,property,drying_time,干燥时间,float
喷雾干燥机,spray_dryer,property,collection_state,收料状态,int
喷雾沉淀装置,spray_precipitation_unit,action,initialize,初始化,
喷雾沉淀装置,spray_precipitation_unit,action,set_mode,设置运行模式,mode:str
喷雾沉淀装置,spray_precipitation_unit,action,precipitate,沉淀,
喷雾沉淀装置,spray_precipitation_unit,action,spray,喷雾,
喷雾沉淀装置,spray_precipitation_unit,property,status,设备运行状态,str
喷雾沉淀装置,spray_precipitation_unit,property,fault,故障,bool
喷雾沉淀装置,spray_precipitation_unit,property,idle,空闲,bool
喷雾沉淀装置,spray_precipitation_unit,property,device_ready,设备就绪,bool
喷雾沉淀装置,spray_precipitation_unit,property,liquid_level_alarm,液位报警,bool
喷雾沉淀装置,spray_precipitation_unit,property,fault_code,故障代码,int
喷雾沉淀装置,spray_precipitation_unit,property,spray_flow,喷雾流量,float
喷雾沉淀装置,spray_precipitation_unit,property,spray_pressure,喷雾压力,float
微波萃取设备,microwave_extractor,action,initialize,初始化,
微波萃取设备,microwave_extractor,action,set_mode,设置运行模式,mode:str
微波萃取设备,microwave_extractor,action,set_run_time,设置运行时间,run_time:float
微波萃取设备,microwave_extractor,action,set_microwave_power,设置微波功率,microwave_power:float
微波萃取设备,microwave_extractor,action,set_extraction_temperature,设置萃取温度,extraction_temperature:float
微波萃取设备,microwave_extractor,action,set_stir_speed,设置搅拌速度,stir_speed:float
微波萃取设备,microwave_extractor,action,run,运行,
微波萃取设备,microwave_extractor,action,stop,停止,
微波萃取设备,microwave_extractor,action,reset,复位,
微波萃取设备,microwave_extractor,property,status,设备运行状态,str
微波萃取设备,microwave_extractor,property,fault,故障,bool
微波萃取设备,microwave_extractor,property,idle,空闲,bool
微波萃取设备,microwave_extractor,property,device_ready,设备就绪,bool
微波萃取设备,microwave_extractor,property,pressure_protection_state,压力保护状态,bool
微波萃取设备,microwave_extractor,property,temperature_protection_state,温度保护状态,bool
微波萃取设备,microwave_extractor,property,microwave_on_state,微波开启状态,bool
微波萃取设备,microwave_extractor,property,fault_code,故障代码,int
微波萃取设备,microwave_extractor,property,current_run_time,实际运行时间,float
微波萃取设备,microwave_extractor,property,current_microwave_power,实际微波功率,float
微波萃取设备,microwave_extractor,property,current_extraction_temperature,实际萃取温度,float
微波萃取设备,microwave_extractor,property,current_stir_speed,实际搅拌速度,float
抽提萃取设备,solvent_extractor,action,initialize,初始化,
抽提萃取设备,solvent_extractor,action,set_mode,设置运行模式,mode:str
抽提萃取设备,solvent_extractor,action,set_run_time,设置运行时间,run_time:float
抽提萃取设备,solvent_extractor,action,set_heating_temperature,设置加热温度,heating_temperature:float
抽提萃取设备,solvent_extractor,action,set_condensate_flow,设置冷凝水流量,condensate_flow:float
抽提萃取设备,solvent_extractor,action,set_reflux_time,设置回流时间,reflux_time:float
抽提萃取设备,solvent_extractor,action,run,运行,
抽提萃取设备,solvent_extractor,action,stop,停止,
抽提萃取设备,solvent_extractor,action,reset,复位,
抽提萃取设备,solvent_extractor,property,status,设备运行状态,str
抽提萃取设备,solvent_extractor,property,fault,故障,bool
抽提萃取设备,solvent_extractor,property,idle,空闲,bool
抽提萃取设备,solvent_extractor,property,device_ready,设备就绪,bool
抽提萃取设备,solvent_extractor,property,heating_state,加热状态,bool
抽提萃取设备,solvent_extractor,property,condensation_state,冷凝状态,bool
抽提萃取设备,solvent_extractor,property,reflux_state,回流状态,bool
抽提萃取设备,solvent_extractor,property,fault_code,故障代码,int
抽提萃取设备,solvent_extractor,property,current_run_time,实际运行时间,float
抽提萃取设备,solvent_extractor,property,current_heating_temperature,实际加热温度,float
抽提萃取设备,solvent_extractor,property,current_condensate_flow,实际冷凝水流量,float
抽提萃取设备,solvent_extractor,property,current_reflux_time,实际回流时间,float
固相萃取设备,solid_phase_extractor,action,initialize,初始化,
固相萃取设备,solid_phase_extractor,action,set_mode,设置运行模式,mode:str
固相萃取设备,solid_phase_extractor,action,set_run_time,设置运行时间,run_time:float
固相萃取设备,solid_phase_extractor,action,set_extraction_column_pressure,设置萃取柱压力,extraction_column_pressure:float
固相萃取设备,solid_phase_extractor,action,set_eluent_flow,设置洗脱液流量,eluent_flow:float
固相萃取设备,solid_phase_extractor,action,run,运行,
固相萃取设备,solid_phase_extractor,action,stop,停止,
固相萃取设备,solid_phase_extractor,action,reset,复位,
固相萃取设备,solid_phase_extractor,property,status,设备运行状态,str
固相萃取设备,solid_phase_extractor,property,fault,故障,bool
固相萃取设备,solid_phase_extractor,property,idle,空闲,bool
固相萃取设备,solid_phase_extractor,property,device_ready,设备就绪,bool
固相萃取设备,solid_phase_extractor,property,sample_loading_completed,样品加载完成,bool
固相萃取设备,solid_phase_extractor,property,elution_completed,洗脱完成,bool
固相萃取设备,solid_phase_extractor,property,column_pressure_protection_state,柱压保护状态,bool
固相萃取设备,solid_phase_extractor,property,fault_code,故障代码,int
固相萃取设备,solid_phase_extractor,property,current_run_time,实际运行时间,float
固相萃取设备,solid_phase_extractor,property,current_extraction_column_pressure,实际萃取柱压力,float
固相萃取设备,solid_phase_extractor,property,current_eluent_flow,实际洗脱液流量,float
超声波萃取设备,ultrasonic_extractor,action,initialize,初始化,
超声波萃取设备,ultrasonic_extractor,action,set_mode,设置运行模式,mode:str
超声波萃取设备,ultrasonic_extractor,action,set_run_time,设置运行时间,run_time:float
超声波萃取设备,ultrasonic_extractor,action,set_ultrasonic_power,设置超声功率,ultrasonic_power:float
超声波萃取设备,ultrasonic_extractor,action,set_ultrasonic_frequency,设置超声频率,ultrasonic_frequency:float
超声波萃取设备,ultrasonic_extractor,action,set_extraction_temperature,设置萃取温度,extraction_temperature:float
超声波萃取设备,ultrasonic_extractor,action,run,运行,
超声波萃取设备,ultrasonic_extractor,action,stop,停止,
超声波萃取设备,ultrasonic_extractor,action,reset,复位,
超声波萃取设备,ultrasonic_extractor,property,status,设备运行状态,str
超声波萃取设备,ultrasonic_extractor,property,fault,故障,bool
超声波萃取设备,ultrasonic_extractor,property,idle,空闲,bool
超声波萃取设备,ultrasonic_extractor,property,device_ready,设备就绪,bool
超声波萃取设备,ultrasonic_extractor,property,ultrasonic_on_state,超声开启状态,bool
超声波萃取设备,ultrasonic_extractor,property,temperature_protection_state,温度保护状态,bool
超声波萃取设备,ultrasonic_extractor,property,liquid_level_state,液位检测状态,bool
超声波萃取设备,ultrasonic_extractor,property,fault_code,故障代码,int
超声波萃取设备,ultrasonic_extractor,property,current_run_time,实际运行时间,float
超声波萃取设备,ultrasonic_extractor,property,current_ultrasonic_power,实际超声功率,float
超声波萃取设备,ultrasonic_extractor,property,current_ultrasonic_frequency,实际超声频率,float
超声波萃取设备,ultrasonic_extractor,property,current_extraction_temperature,实际萃取温度,float
索氏提取仪,soxhlet_extractor,action,initialize,初始化,
索氏提取仪,soxhlet_extractor,action,set_mode,设置运行模式,mode:str
索氏提取仪,soxhlet_extractor,action,set_run_time,设置运行时间,run_time:float
索氏提取仪,soxhlet_extractor,action,set_heating_temperature,设置加热温度,heating_temperature:float
索氏提取仪,soxhlet_extractor,action,set_extraction_count,设置提取次数,extraction_count:int
索氏提取仪,soxhlet_extractor,action,set_reflux_time,设置回流时间,reflux_time:float
索氏提取仪,soxhlet_extractor,action,run,运行,
索氏提取仪,soxhlet_extractor,action,stop,停止,
索氏提取仪,soxhlet_extractor,action,reset,复位,
索氏提取仪,soxhlet_extractor,property,status,设备运行状态,str
索氏提取仪,soxhlet_extractor,property,fault,故障,bool
索氏提取仪,soxhlet_extractor,property,idle,空闲,bool
索氏提取仪,soxhlet_extractor,property,device_ready,设备就绪,bool
索氏提取仪,soxhlet_extractor,property,heating_state,加热状态,bool
索氏提取仪,soxhlet_extractor,property,reflux_state,回流状态,bool
索氏提取仪,soxhlet_extractor,property,solvent_level_state,溶剂液位状态,bool
索氏提取仪,soxhlet_extractor,property,fault_code,故障代码,int
索氏提取仪,soxhlet_extractor,property,current_run_time,实际运行时间,float
索氏提取仪,soxhlet_extractor,property,current_heating_temperature,实际加热温度,float
索氏提取仪,soxhlet_extractor,property,current_extraction_count,实际提取次数,int
索氏提取仪,soxhlet_extractor,property,current_reflux_time,实际回流时间,float
超临界萃取设备,supercritical_extractor,action,initialize,初始化,
超临界萃取设备,supercritical_extractor,action,set_mode,设置运行模式,mode:str
超临界萃取设备,supercritical_extractor,action,set_run_time,设置运行时间,run_time:float
超临界萃取设备,supercritical_extractor,action,set_extraction_pressure,设置萃取压力,extraction_pressure:float
超临界萃取设备,supercritical_extractor,action,set_extraction_temperature,设置萃取温度,extraction_temperature:float
超临界萃取设备,supercritical_extractor,action,set_co2_flow,设置CO2流量,co2_flow:float
超临界萃取设备,supercritical_extractor,action,set_separation_pressure,设置分离压力,separation_pressure:float
超临界萃取设备,supercritical_extractor,action,run,运行,
超临界萃取设备,supercritical_extractor,action,stop,停止,
超临界萃取设备,supercritical_extractor,action,reset,复位,
超临界萃取设备,supercritical_extractor,property,status,设备运行状态,str
超临界萃取设备,supercritical_extractor,property,fault,故障,bool
超临界萃取设备,supercritical_extractor,property,idle,空闲,bool
超临界萃取设备,supercritical_extractor,property,device_ready,设备就绪,bool
超临界萃取设备,supercritical_extractor,property,pressure_protection_state,压力保护状态,bool
超临界萃取设备,supercritical_extractor,property,temperature_protection_state,温度保护状态,bool
超临界萃取设备,supercritical_extractor,property,fault_code,故障代码,int
超临界萃取设备,supercritical_extractor,property,current_run_time,实际运行时间,float
超临界萃取设备,supercritical_extractor,property,current_extraction_pressure,实际萃取压力,float
超临界萃取设备,supercritical_extractor,property,current_extraction_temperature,实际萃取温度,float
超临界萃取设备,supercritical_extractor,property,current_co2_flow,实际CO2流量,float
超临界萃取设备,supercritical_extractor,property,current_separation_pressure,实际分离压力,float
离心萃取机,centrifugal_extractor,action,initialize,初始化,
离心萃取机,centrifugal_extractor,action,set_mode,设置运行模式,mode:str
离心萃取机,centrifugal_extractor,action,set_run_time,设置运行时间,run_time:float
离心萃取机,centrifugal_extractor,action,set_speed,设置转速,speed:float
离心萃取机,centrifugal_extractor,action,set_separation_time,设置分离时间,separation_time:float
离心萃取机,centrifugal_extractor,action,set_feed_flow,设置进料流量,feed_flow:float
离心萃取机,centrifugal_extractor,action,set_phase_interface,设置轻重相界面,phase_interface:int
离心萃取机,centrifugal_extractor,action,run,运行,
离心萃取机,centrifugal_extractor,action,stop,停止,
离心萃取机,centrifugal_extractor,action,reset,复位,
离心萃取机,centrifugal_extractor,property,status,设备运行状态,str
离心萃取机,centrifugal_extractor,property,fault,故障,bool
离心萃取机,centrifugal_extractor,property,idle,空闲,bool
离心萃取机,centrifugal_extractor,property,device_ready,设备就绪,bool
离心萃取机,centrifugal_extractor,property,centrifuge_on_state,离心开启状态,bool
离心萃取机,centrifugal_extractor,property,feeding_state,进料状态,bool
离心萃取机,centrifugal_extractor,property,fault_code,故障代码,int
离心萃取机,centrifugal_extractor,property,current_run_time,实际运行时间,float
离心萃取机,centrifugal_extractor,property,current_speed,实际转速,float
离心萃取机,centrifugal_extractor,property,current_separation_time,实际分离时间,float
离心萃取机,centrifugal_extractor,property,current_feed_flow,实际进料流量,float
离心萃取机,centrifugal_extractor,property,current_phase_interface,实际轻重相界面,int
大气采样器,air_sampler,action,initialize,初始化,
大气采样器,air_sampler,action,set_mode,设置运行模式,mode:str
大气采样器,air_sampler,action,set_run_time,设置运行时间,run_time:float
大气采样器,air_sampler,action,set_sampling_flow,设置采样流量,sampling_flow:float
大气采样器,air_sampler,action,set_sampling_time,设置采样时间,sampling_time:float
大气采样器,air_sampler,action,set_sampling_pressure,设置采样压力,sampling_pressure:float
大气采样器,air_sampler,action,set_sampling_temperature,设置采样温度,sampling_temperature:float
大气采样器,air_sampler,action,run,运行,
大气采样器,air_sampler,action,stop,停止,
大气采样器,air_sampler,action,reset,复位,
大气采样器,air_sampler,property,status,设备运行状态,str
大气采样器,air_sampler,property,fault,故障,bool
大气采样器,air_sampler,property,idle,空闲,bool
大气采样器,air_sampler,property,device_ready,设备就绪,bool
大气采样器,air_sampler,property,flow_stable_state,流量稳定状态,bool
大气采样器,air_sampler,property,fault_code,故障代码,int
大气采样器,air_sampler,property,current_run_time,实际运行时间,float
大气采样器,air_sampler,property,current_sampling_flow,实际采样流量,float
大气采样器,air_sampler,property,current_sampling_time,实际采样时间,float
大气采样器,air_sampler,property,current_sampling_pressure,实际采样压力,float
大气采样器,air_sampler,property,current_sampling_temperature,实际采样温度,float
大气采样器,air_sampler,property,sampling_state,采样状态,bool
熔样机,sample_fusion_machine,action,initialize,初始化,
熔样机,sample_fusion_machine,action,set_mode,设置运行模式,mode:str
熔样机,sample_fusion_machine,action,set_target_temperature,设置目标温度,target_temperature:float
熔样机,sample_fusion_machine,action,set_ramp_rate,设置升温速率,ramp_rate:float
熔样机,sample_fusion_machine,action,set_holding_time,设置保温时间,holding_time:float
熔样机,sample_fusion_machine,action,set_cooling_rate,设置冷却速率,cooling_rate:float
熔样机,sample_fusion_machine,action,set_heating_power,设置加热功率,heating_power:float
熔样机,sample_fusion_machine,action,set_stir_speed,设置搅拌速度,stir_speed:float
熔样机,sample_fusion_machine,action,set_sample_weight,设置样品重量,sample_weight:float
熔样机,sample_fusion_machine,action,set_fusion_time,设置熔样时间,fusion_time:float
熔样机,sample_fusion_machine,action,start,启动,
熔样机,sample_fusion_machine,property,status,设备运行状态,str
熔样机,sample_fusion_machine,property,fault,故障,bool
熔样机,sample_fusion_machine,property,idle,空闲,bool
熔样机,sample_fusion_machine,property,device_ready,设备就绪,bool
熔样机,sample_fusion_machine,property,running_completed,运行完成,bool
熔样机,sample_fusion_machine,property,fault_code,故障代码,int
熔样机,sample_fusion_machine,property,current_temperature,实际温度监测,float
磨样机,sample_grinder,action,initialize,初始化,
磨样机,sample_grinder,action,set_mode,设置运行模式,mode:str
磨样机,sample_grinder,action,set_grinding_speed,设置研磨转速,grinding_speed:float
磨样机,sample_grinder,action,set_grinding_time,设置研磨时间,grinding_time:float
磨样机,sample_grinder,action,set_grinding_pressure,设置研磨压力,grinding_pressure:float
磨样机,sample_grinder,action,set_grinding_head_select,设置磨头选择,grinding_head_select:int
磨样机,sample_grinder,action,set_particle_size_control,设置粒度控制,particle_size_control:int
磨样机,sample_grinder,action,set_cooling_water_volume,设置冷却水量,cooling_water_volume:int
磨样机,sample_grinder,action,set_vibration_frequency,设置振动频率,vibration_frequency:float
磨样机,sample_grinder,action,set_grinding_precision,设置研磨精度,grinding_precision:int
磨样机,sample_grinder,action,start,启动,
磨样机,sample_grinder,property,status,设备运行状态,str
磨样机,sample_grinder,property,fault,故障,bool
磨样机,sample_grinder,property,idle,空闲,bool
磨样机,sample_grinder,property,device_ready,设备就绪,bool
磨样机,sample_grinder,property,running_completed,运行完成,bool
磨样机,sample_grinder,property,fault_code,故障代码,int
磨样机,sample_grinder,property,current_speed,实际转速监测,float
抛光机,polishing_machine,action,initialize,初始化,
抛光机,polishing_machine,action,set_mode,设置运行模式,mode:str
抛光机,polishing_machine,action,set_polishing_wheel_speed,设置抛光轮转速,polishing_wheel_speed:float
抛光机,polishing_machine,action,set_polishing_pressure,设置抛光压力,polishing_pressure:float
抛光机,polishing_machine,action,set_polishing_time,设置抛光时间,polishing_time:float
抛光机,polishing_machine,action,set_polishing_fluid_flow,设置抛光液流量,polishing_fluid_flow:float
抛光机,polishing_machine,action,set_sample_speed,设置样品转速,sample_speed:float
抛光机,polishing_machine,action,start,启动,
抛光机,polishing_machine,property,status,设备运行状态,str
抛光机,polishing_machine,property,fault,故障,bool
抛光机,polishing_machine,property,idle,空闲,bool
抛光机,polishing_machine,property,device_ready,设备就绪,bool
抛光机,polishing_machine,property,running_completed,运行完成,bool
抛光机,polishing_machine,property,fault_code,故障代码,int
抛光机,polishing_machine,property,current_speed,实际转速监测,float
抛光机,polishing_machine,property,polishing_precision_level,抛光精度等级,int
磨抛机,grinding_polishing_machine,action,initialize,初始化,
磨抛机,grinding_polishing_machine,action,set_mode,设置运行模式,mode:str
磨抛机,grinding_polishing_machine,action,set_grinding_speed,设置研磨转速,grinding_speed:float
磨抛机,grinding_polishing_machine,action,set_polishing_speed,设置抛光转速,polishing_speed:float
磨抛机,grinding_polishing_machine,action,set_grinding_time,设置研磨时间,grinding_time:float
磨抛机,grinding_polishing_machine,action,set_polishing_time,设置抛光时间,polishing_time:float
磨抛机,grinding_polishing_machine,action,set_polishing_pressure,设置磨抛压力,polishing_pressure:float
磨抛机,grinding_polishing_machine,action,set_sample_clamp_force,设置样品夹持力,sample_clamp_force:int
磨抛机,grinding_polishing_machine,action,set_polishing_precision,设置磨抛精度,polishing_precision:int
磨抛机,grinding_polishing_machine,action,start,启动,
磨抛机,grinding_polishing_machine,property,status,设备运行状态,str
磨抛机,grinding_polishing_machine,property,fault,故障,bool
磨抛机,grinding_polishing_machine,property,idle,空闲,bool
磨抛机,grinding_polishing_machine,property,device_ready,设备就绪,bool
磨抛机,grinding_polishing_machine,property,running_completed,运行完成,bool
磨抛机,grinding_polishing_machine,property,fault_code,故障代码,int
切割机,cutting_machine,action,initialize,初始化,
切割机,cutting_machine,action,set_mode,设置运行模式,mode:str
切割机,cutting_machine,action,set_cutting_speed,设置切割速度,cutting_speed:float
切割机,cutting_machine,action,set_cutting_depth,设置切割深度,cutting_depth:float
切割机,cutting_machine,action,set_feed_rate,设置进给速率,feed_rate:float
切割机,cutting_machine,action,set_cutting_pressure,设置切割压力,cutting_pressure:float
切割机,cutting_machine,action,set_coolant_flow,设置冷却液流量,coolant_flow:float
切割机,cutting_machine,action,set_blade_speed,设置刀片转速,blade_speed:float
切割机,cutting_machine,action,set_cutting_precision,设置切割精度,cutting_precision:int
切割机,cutting_machine,action,start,启动,
切割机,cutting_machine,property,status,设备运行状态,str
切割机,cutting_machine,property,fault,故障,bool
切割机,cutting_machine,property,idle,空闲,bool
切割机,cutting_machine,property,device_ready,设备就绪,bool
切割机,cutting_machine,property,running_completed,运行完成,bool
切割机,cutting_machine,property,fault_code,故障代码,int
切片机,microtome,action,initialize,初始化,
切片机,microtome,action,set_mode,设置运行模式,mode:str
切片机,microtome,action,set_slice_thickness,设置切片厚度,slice_thickness:float
切片机,microtome,action,set_slice_speed,设置切片速度,slice_speed:float
切片机,microtome,action,set_feed_amount,设置进给量,feed_amount:int
切片机,microtome,action,set_tool_holder_angle,设置刀架角度,tool_holder_angle:float
切片机,microtome,action,set_sample_speed,设置样品转速,sample_speed:float
切片机,microtome,action,set_slice_precision,设置切片精度,slice_precision:int
切片机,microtome,action,set_slicing_count,设置切片数量,slicing_count:int
切片机,microtome,action,start,启动,
切片机,microtome,property,status,设备运行状态,str
切片机,microtome,property,fault,故障,bool
切片机,microtome,property,idle,空闲,bool
切片机,microtome,property,device_ready,设备就绪,bool
切片机,microtome,property,running_completed,运行完成,bool
切片机,microtome,property,fault_code,故障代码,int
切片机,microtome,property,slicing_interval_time,切片间隔时间,float
压片机,tablet_press,action,initialize,初始化,
压片机,tablet_press,action,set_mode,设置运行模式,mode:str
压片机,tablet_press,action,set_pressing_pressure,设置压制压力,pressing_pressure:float
压片机,tablet_press,action,set_pressing_time,设置压制时间,pressing_time:float
压片机,tablet_press,action,set_holding_time,设置保压时间,holding_time:float
压片机,tablet_press,action,set_depressurize_rate,设置泄压速率,depressurize_rate:float
压片机,tablet_press,action,set_mold_temperature,设置压模温度,mold_temperature:float
压片机,tablet_press,action,set_sample_diameter,设置样品直径,sample_diameter:float
压片机,tablet_press,action,set_pressing_count,设置压制次数,pressing_count:int
压片机,tablet_press,action,start,启动,
压片机,tablet_press,property,status,设备运行状态,str
压片机,tablet_press,property,fault,故障,bool
压片机,tablet_press,property,idle,空闲,bool
压片机,tablet_press,property,device_ready,设备就绪,bool
压片机,tablet_press,property,running_completed,运行完成,bool
压片机,tablet_press,property,fault_code,故障代码,int
压片机,tablet_press,property,current_pressure,实际压力监测,float
镶嵌机,mounting_press,action,initialize,初始化,
镶嵌机,mounting_press,action,set_mode,设置运行模式,mode:str
镶嵌机,mounting_press,action,set_heating_temperature,设置加热温度,heating_temperature:float
镶嵌机,mounting_press,action,set_heating_time,设置加热时间,heating_time:float
镶嵌机,mounting_press,action,set_cooling_time,设置冷却时间,cooling_time:float
镶嵌机,mounting_press,action,set_pressure,设置压力,pressure:float
镶嵌机,mounting_press,action,set_holding_time,设置保温时间,holding_time:float
镶嵌机,mounting_press,action,start,启动,
镶嵌机,mounting_press,property,status,设备运行状态,str
镶嵌机,mounting_press,property,fault,故障,bool
镶嵌机,mounting_press,property,idle,空闲,bool
镶嵌机,mounting_press,property,device_ready,设备就绪,bool
镶嵌机,mounting_press,property,running_completed,运行完成,bool
镶嵌机,mounting_press,property,fault_code,故障代码,int
等离子体表面处理机,plasma_surface_treater,action,initialize,初始化,
等离子体表面处理机,plasma_surface_treater,action,set_mode,设置运行模式,mode:str
等离子体表面处理机,plasma_surface_treater,action,set_treatment_power,设置处理功率,treatment_power:float
等离子体表面处理机,plasma_surface_treater,action,set_treatment_time,设置处理时间,treatment_time:float
等离子体表面处理机,plasma_surface_treater,action,set_vacuum,设置真空度,vacuum:float
等离子体表面处理机,plasma_surface_treater,action,set_gas_flow,设置气体流量,gas_flow:float
等离子体表面处理机,plasma_surface_treater,action,set_electrode_distance,设置电极距离,electrode_distance:float
等离子体表面处理机,plasma_surface_treater,action,set_plasma_density,设置等离子体密度,plasma_density:float
等离子体表面处理机,plasma_surface_treater,action,set_treatment_count,设置处理次数,treatment_count:int
等离子体表面处理机,plasma_surface_treater,action,start,启动,
等离子体表面处理机,plasma_surface_treater,property,status,设备运行状态,str
等离子体表面处理机,plasma_surface_treater,property,fault,故障,bool
等离子体表面处理机,plasma_surface_treater,property,idle,空闲,bool
等离子体表面处理机,plasma_surface_treater,property,device_ready,设备就绪,bool
等离子体表面处理机,plasma_surface_treater,property,running_completed,运行完成,bool
等离子体表面处理机,plasma_surface_treater,property,fault_code,故障代码,int
等离子体表面处理机,plasma_surface_treater,property,sample_moving_speed,样品移动速度,float
均胶机,spin_coater,action,initialize,初始化,
均胶机,spin_coater,action,set_mode,设置运行模式,mode:str
均胶机,spin_coater,action,set_low_speed_time,设置低速时间,low_speed_time:float
均胶机,spin_coater,action,set_high_speed_time,设置高速时间,high_speed_time:float
均胶机,spin_coater,action,set_acceleration,设置加速度,acceleration:float
均胶机,spin_coater,action,set_deceleration,设置减速度,deceleration:float
均胶机,spin_coater,action,set_sample_size,设置样品尺寸,sample_size:int
均胶机,spin_coater,action,start,启动,
均胶机,spin_coater,property,status,设备运行状态,str
均胶机,spin_coater,property,fault,故障,bool
均胶机,spin_coater,property,idle,空闲,bool
均胶机,spin_coater,property,device_ready,设备就绪,bool
均胶机,spin_coater,property,running_completed,运行完成,bool
均胶机,spin_coater,property,fault_code,故障代码,int
自动涂布机,auto_coater,action,initialize,初始化,
自动涂布机,auto_coater,action,set_mode,设置运行模式,mode:str
自动涂布机,auto_coater,action,set_coating_speed,设置涂布速度,coating_speed:float
自动涂布机,auto_coater,action,set_coating_thickness,设置涂布厚度,coating_thickness:float
自动涂布机,auto_coater,action,set_coating_width,设置涂布宽度,coating_width:int
自动涂布机,auto_coater,action,set_blade_pressure,设置刮刀压力,blade_pressure:float
自动涂布机,auto_coater,action,set_drying_temperature,设置干燥温度,drying_temperature:float
自动涂布机,auto_coater,action,set_drying_time,设置干燥时间,drying_time:float
自动涂布机,auto_coater,action,set_coating_count,设置涂布次数,coating_count:int
自动涂布机,auto_coater,action,set_blade_angle,设置刮刀角度,blade_angle:float
自动涂布机,auto_coater,action,start,启动,
自动涂布机,auto_coater,property,status,设备运行状态,str
自动涂布机,auto_coater,property,fault,故障,bool
自动涂布机,auto_coater,property,idle,空闲,bool
自动涂布机,auto_coater,property,device_ready,设备就绪,bool
自动涂布机,auto_coater,property,running_completed,运行完成,bool
自动涂布机,auto_coater,property,fault_code,故障代码,int
蒸馏器,distiller,action,initialize,初始化,
蒸馏器,distiller,action,set_mode,设置运行模式,mode:str
蒸馏器,distiller,action,set_temperature,设置温度,temperature:float
蒸馏器,distiller,action,distill,蒸馏,
蒸馏器,distiller,action,heat,加热,
蒸馏器,distiller,property,status,设备运行状态,str
蒸馏器,distiller,property,fault,故障,bool
蒸馏器,distiller,property,idle,空闲,bool
蒸馏器,distiller,property,device_ready,设备就绪,bool
蒸馏器,distiller,property,fault_code,故障代码,int
蒸馏器,distiller,property,current_temperature,实际温度,float
蒸馏器,distiller,property,distillation_flow,蒸馏流量,float
旋转蒸发器,rotary_evaporator,action,initialize,初始化,
旋转蒸发器,rotary_evaporator,action,set_mode,设置运行模式,mode:str
旋转蒸发器,rotary_evaporator,action,set_water_bath_temp,设置水浴温度,water_bath_temp:float
旋转蒸发器,rotary_evaporator,action,evaporate,蒸发,
旋转蒸发器,rotary_evaporator,action,rotate,旋转,
旋转蒸发器,rotary_evaporator,property,status,设备运行状态,str
旋转蒸发器,rotary_evaporator,property,fault,故障,bool
旋转蒸发器,rotary_evaporator,property,idle,空闲,bool
旋转蒸发器,rotary_evaporator,property,device_ready,设备就绪,bool
旋转蒸发器,rotary_evaporator,property,fault_code,故障代码,int
旋转蒸发器,rotary_evaporator,property,current_water_bath_temp,实际水浴温度,float
旋转蒸发器,rotary_evaporator,property,rotation_speed,旋转转速,float
旋转蒸发器,rotary_evaporator,property,vacuum,真空度,float
旋转蒸发器,rotary_evaporator,property,condensation_temperature,冷凝温度,float
氮吹仪,nitrogen_evaporator,action,initialize,初始化,
氮吹仪,nitrogen_evaporator,action,set_mode,设置运行模式,mode:str
氮吹仪,nitrogen_evaporator,action,set_temperature,设置温度,temperature:float
氮吹仪,nitrogen_evaporator,action,nitrogen_blow,氮吹,
氮吹仪,nitrogen_evaporator,action,heat,加热,
氮吹仪,nitrogen_evaporator,property,status,设备运行状态,str
氮吹仪,nitrogen_evaporator,property,fault,故障,bool
氮吹仪,nitrogen_evaporator,property,idle,空闲,bool
氮吹仪,nitrogen_evaporator,property,device_ready,设备就绪,bool
氮吹仪,nitrogen_evaporator,property,fault_code,故障代码,int
氮吹仪,nitrogen_evaporator,property,current_temperature,实际温度,float
氮吹仪,nitrogen_evaporator,property,station_count,工位数量,int
真空离心浓缩仪,vacuum_centrifugal_concentrator,action,initialize,初始化,
真空离心浓缩仪,vacuum_centrifugal_concentrator,action,set_mode,设置运行模式,mode:str
真空离心浓缩仪,vacuum_centrifugal_concentrator,action,set_speed,设置转速,speed:float
真空离心浓缩仪,vacuum_centrifugal_concentrator,action,concentrate,浓缩,
真空离心浓缩仪,vacuum_centrifugal_concentrator,action,vacuum,真空,
真空离心浓缩仪,vacuum_centrifugal_concentrator,property,status,设备运行状态,str
真空离心浓缩仪,vacuum_centrifugal_concentrator,property,fault,故障,bool
真空离心浓缩仪,vacuum_centrifugal_concentrator,property,idle,空闲,bool
真空离心浓缩仪,vacuum_centrifugal_concentrator,property,device_ready,设备就绪,bool
真空离心浓缩仪,vacuum_centrifugal_concentrator,property,fault_code,故障代码,int
真空离心浓缩仪,vacuum_centrifugal_concentrator,property,current_speed,实际转速,float
真空离心浓缩仪,vacuum_centrifugal_concentrator,property,vacuum,真空度,float
真空离心浓缩仪,vacuum_centrifugal_concentrator,property,concentration_temperature,浓缩温度,float
真空离心浓缩仪,vacuum_centrifugal_concentrator,property,concentration_time,浓缩时间,float
真空离心浓缩仪,vacuum_centrifugal_concentrator,property,heating_power,加热功率,float
高压消毒机,autoclave_sterilizer,action,initialize,初始化,
高压消毒机,autoclave_sterilizer,action,set_mode,设置运行模式,mode:str
高压消毒机,autoclave_sterilizer,action,set_disinfection_time,设置消毒时间,disinfection_time:float
高压消毒机,autoclave_sterilizer,action,set_disinfection_pressure,设置消毒压力,disinfection_pressure:float
高压消毒机,autoclave_sterilizer,action,set_disinfection_temperature,设置消毒温度,disinfection_temperature:float
高压消毒机,autoclave_sterilizer,action,disinfect,消毒,
高压消毒机,autoclave_sterilizer,action,prepare_disinfection,消毒准备,
高压消毒机,autoclave_sterilizer,action,finish_disinfection,消毒结束,
高压消毒机,autoclave_sterilizer,property,status,设备运行状态,str
高压消毒机,autoclave_sterilizer,property,fault,故障,bool
高压消毒机,autoclave_sterilizer,property,idle,空闲,bool
高压消毒机,autoclave_sterilizer,property,device_ready,设备就绪,bool
高压消毒机,autoclave_sterilizer,property,exhaust_valve_state,排气阀状态,bool
高压消毒机,autoclave_sterilizer,property,safety_valve_state,安全阀状态,bool
高压消毒机,autoclave_sterilizer,property,drying_function_state,干燥功能状态,bool
高压消毒机,autoclave_sterilizer,property,fault_code,故障代码,int
高压消毒机,autoclave_sterilizer,property,current_disinfection_time,实际消毒时间,float
高压消毒机,autoclave_sterilizer,property,disinfection_pressure_feedback,消毒压力反馈,float
高压消毒机,autoclave_sterilizer,property,disinfection_temperature_feedback,消毒温度反馈,float
高压消毒机,autoclave_sterilizer,property,disinfection_time_feedback,消毒时间反馈,float
化学消毒机,chemical_sterilizer,action,initialize,初始化,
化学消毒机,chemical_sterilizer,action,set_mode,设置运行模式,mode:str
化学消毒机,chemical_sterilizer,action,set_disinfection_time,设置消毒时间,disinfection_time:float
化学消毒机,chemical_sterilizer,action,set_disinfectant_concentration,设置消毒剂浓度,disinfectant_concentration:float
化学消毒机,chemical_sterilizer,action,set_disinfection_temperature,设置消毒温度,disinfection_temperature:float
化学消毒机,chemical_sterilizer,action,disinfect,消毒,
化学消毒机,chemical_sterilizer,action,prepare_disinfection,消毒准备,
化学消毒机,chemical_sterilizer,action,finish_disinfection,消毒结束,
化学消毒机,chemical_sterilizer,property,status,设备运行状态,str
化学消毒机,chemical_sterilizer,property,fault,故障,bool
化学消毒机,chemical_sterilizer,property,idle,空闲,bool
化学消毒机,chemical_sterilizer,property,device_ready,设备就绪,bool
化学消毒机,chemical_sterilizer,property,stir_state,搅拌状态,bool
化学消毒机,chemical_sterilizer,property,neutralization_wash_state,中和清洗状态,bool
化学消毒机,chemical_sterilizer,property,fault_code,故障代码,int
化学消毒机,chemical_sterilizer,property,current_disinfection_time,实际消毒时间,float
化学消毒机,chemical_sterilizer,property,disinfectant_concentration_feedback,消毒剂浓度反馈,float
化学消毒机,chemical_sterilizer,property,disinfection_temperature_feedback,消毒温度反馈,float
化学消毒机,chemical_sterilizer,property,disinfection_time_feedback,消毒时间反馈,float
紫外消毒机,uv_sterilizer,action,initialize,初始化,
紫外消毒机,uv_sterilizer,action,set_mode,设置运行模式,mode:str
紫外消毒机,uv_sterilizer,action,set_disinfection_time,设置消毒时间,disinfection_time:float
紫外消毒机,uv_sterilizer,action,set_uv_lamp_power,设置紫外灯功率,uv_lamp_power:float
紫外消毒机,uv_sterilizer,action,disinfect,消毒,
紫外消毒机,uv_sterilizer,action,prepare_disinfection,消毒准备,
紫外消毒机,uv_sterilizer,action,finish_disinfection,消毒结束,
紫外消毒机,uv_sterilizer,property,status,设备运行状态,str
紫外消毒机,uv_sterilizer,property,fault,故障,bool
紫外消毒机,uv_sterilizer,property,idle,空闲,bool
紫外消毒机,uv_sterilizer,property,device_ready,设备就绪,bool
紫外消毒机,uv_sterilizer,property,lamp_door_state,灯门状态,bool
紫外消毒机,uv_sterilizer,property,radiation_shield_state,辐射防护状态,bool
紫外消毒机,uv_sterilizer,property,fault_code,故障代码,int
紫外消毒机,uv_sterilizer,property,current_disinfection_time,实际消毒时间,float
紫外消毒机,uv_sterilizer,property,uv_lamp_power_feedback,紫外灯功率反馈,float
紫外消毒机,uv_sterilizer,property,disinfection_time_feedback,消毒时间反馈,float
臭氧消毒机,ozone_sterilizer,action,initialize,初始化,
臭氧消毒机,ozone_sterilizer,action,set_mode,设置运行模式,mode:str
臭氧消毒机,ozone_sterilizer,action,set_disinfection_time,设置消毒时间,disinfection_time:float
臭氧消毒机,ozone_sterilizer,action,set_ozone_concentration,设置臭氧浓度,ozone_concentration:float
臭氧消毒机,ozone_sterilizer,action,disinfect,消毒,
臭氧消毒机,ozone_sterilizer,action,prepare_disinfection,消毒准备,
臭氧消毒机,ozone_sterilizer,action,finish_disinfection,消毒结束,
臭氧消毒机,ozone_sterilizer,property,status,设备运行状态,str
臭氧消毒机,ozone_sterilizer,property,fault,故障,bool
臭氧消毒机,ozone_sterilizer,property,idle,空闲,bool
臭氧消毒机,ozone_sterilizer,property,device_ready,设备就绪,bool
臭氧消毒机,ozone_sterilizer,property,ozone_generator_state,臭氧发生器状态,bool
臭氧消毒机,ozone_sterilizer,property,exhaust_treatment_state,尾气处理状态,bool
臭氧消毒机,ozone_sterilizer,property,ventilation_system_state,通风系统状态,bool
臭氧消毒机,ozone_sterilizer,property,fault_code,故障代码,int
臭氧消毒机,ozone_sterilizer,property,current_disinfection_time,实际消毒时间,float
臭氧消毒机,ozone_sterilizer,property,ozone_concentration_feedback,臭氧浓度反馈,float
臭氧消毒机,ozone_sterilizer,property,disinfection_time_feedback,消毒时间反馈,float
电热消解仪,electric_digester,action,initialize,初始化,
电热消解仪,electric_digester,action,set_mode,设置运行模式,mode:str
电热消解仪,electric_digester,action,set_target_temperature,设置目标温度,target_temperature:float
电热消解仪,electric_digester,action,set_digestion_time,设置消解时间,digestion_time:float
电热消解仪,electric_digester,action,set_heating_power,设置加热功率,heating_power:float
电热消解仪,electric_digester,action,set_ramp_rate,设置升温速率,ramp_rate:float
电热消解仪,electric_digester,action,digest,消解,
电热消解仪,electric_digester,action,heat,加热,
电热消解仪,electric_digester,property,status,设备运行状态,str
电热消解仪,electric_digester,property,fault,故障,bool
电热消解仪,electric_digester,property,idle,空闲,bool
电热消解仪,electric_digester,property,device_ready,设备就绪,bool
电热消解仪,electric_digester,property,constant_temp_state,恒温状态,bool
电热消解仪,electric_digester,property,door_switch_state,门开关状态,bool
电热消解仪,electric_digester,property,fault_code,故障代码,int
电热消解仪,electric_digester,property,current_temperature,实际温度检测,float
电热消解仪,electric_digester,property,remaining_time,剩余时间显示,float
微波消解仪,microwave_digester,action,initialize,初始化,
微波消解仪,microwave_digester,action,set_mode,设置运行模式,mode:str
微波消解仪,microwave_digester,action,set_target_temperature,设置目标温度,target_temperature:float
微波消解仪,microwave_digester,action,set_target_pressure,设置目标压力,target_pressure:float
微波消解仪,microwave_digester,action,set_microwave_power,设置微波功率,microwave_power:float
微波消解仪,microwave_digester,action,set_digestion_time,设置消解时间,digestion_time:float
微波消解仪,microwave_digester,action,set_program_segment,设置程序段,program_segment:int
微波消解仪,microwave_digester,action,digest,消解,
微波消解仪,microwave_digester,property,status,设备运行状态,str
微波消解仪,microwave_digester,property,fault,故障,bool
微波消解仪,microwave_digester,property,idle,空闲,bool
微波消解仪,microwave_digester,property,device_ready,设备就绪,bool
微波消解仪,microwave_digester,property,microwave_output_state,微波输出状态,bool
微波消解仪,microwave_digester,property,pressure_protection_state,压力保护状态,bool
微波消解仪,microwave_digester,property,temperature_protection_state,温度保护状态,bool
微波消解仪,microwave_digester,property,chamber_door_off_state,腔门关闭状态,bool
微波消解仪,microwave_digester,property,cooling_system_running,冷却系统运行,bool
微波消解仪,microwave_digester,property,fault_code,故障代码,int
微波消解仪,microwave_digester,property,current_temperature,实际温度检测,float
微波消解仪,microwave_digester,property,current_pressure,实际压力检测,float
振荡器（非恒温）,shaker,action,initialize,初始化,
振荡器（非恒温）,shaker,action,set_mode,设置运行模式,mode:str
振荡器（非恒温）,shaker,action,set_amplitude,设置振幅,amplitude:int
振荡器（非恒温）,shaker,action,set_power,设置功率,power:float
振荡器（非恒温）,shaker,action,ultrasonicate,超声,
振荡器（非恒温）,shaker,property,status,设备运行状态,str
振荡器（非恒温）,shaker,property,fault,故障,bool
振荡器（非恒温）,shaker,property,idle,空闲,bool
振荡器（非恒温）,shaker,property,device_ready,设备就绪,bool
振荡器（非恒温）,shaker,property,fault_code,故障代码,int
振荡器（非恒温）,shaker,property,current_power,实际功率,float
振荡器（非恒温）,shaker,property,ultrasonic_time,超声时间,float
涡旋混匀仪,vortex_mixer,action,initialize,初始化,
涡旋混匀仪,vortex_mixer,action,set_mix_speed,设置混匀速度,mix_speed:float
涡旋混匀仪,vortex_mixer,action,set_mix_time,设置混匀时间,mix_time:float
涡旋混匀仪,vortex_mixer,action,set_work_mode,设置工作模式,work_mode:str
涡旋混匀仪,vortex_mixer,action,set_speed_gear,设置速度档位,speed_gear:int
涡旋混匀仪,vortex_mixer,action,set_start_delay,设置启动延迟,start_delay:int
涡旋混匀仪,vortex_mixer,action,set_cycle_count,设置循环次数,cycle_count:int
涡旋混匀仪,vortex_mixer,action,set_time,设置时间,time:float
涡旋混匀仪,vortex_mixer,action,mix,混匀,
涡旋混匀仪,vortex_mixer,action,foot_switch,脚踏开关,
涡旋混匀仪,vortex_mixer,property,status,设备运行状态,str
涡旋混匀仪,vortex_mixer,property,fault,故障,bool
涡旋混匀仪,vortex_mixer,property,idle,空闲,bool
涡旋混匀仪,vortex_mixer,property,fault_code,故障代码,int
涡旋混匀仪,vortex_mixer,property,current_speed,当前速度显示,float
涡旋混匀仪,vortex_mixer,property,current_time,当前时间显示,float
涡旋混匀仪,vortex_mixer,property,current_cycle_count,当前循环次数,int
控温磁力搅拌器,temperature_controlled_magnetic_stirrer,action,initialize,初始化,
控温磁力搅拌器,temperature_controlled_magnetic_stirrer,action,set_stir_speed,设置搅拌速度,stir_speed:float
控温磁力搅拌器,temperature_controlled_magnetic_stirrer,action,set_heating_temperature,设置加热温度,heating_temperature:float
控温磁力搅拌器,temperature_controlled_magnetic_stirrer,action,set_time,设置时间,time:float
控温磁力搅拌器,temperature_controlled_magnetic_stirrer,action,set_work_mode,设置工作模式,work_mode:str
控温磁力搅拌器,temperature_controlled_magnetic_stirrer,action,set_heating_mode,设置加热模式,heating_mode:str
控温磁力搅拌器,temperature_controlled_magnetic_stirrer,action,set_temperature_unit,设置温度单位,temperature_unit:float
控温磁力搅拌器,temperature_controlled_magnetic_stirrer,action,set_safety_temperature,设置安全温度,safety_temperature:float
控温磁力搅拌器,temperature_controlled_magnetic_stirrer,action,stir,搅拌,
控温磁力搅拌器,temperature_controlled_magnetic_stirrer,property,status,设备运行状态,str
控温磁力搅拌器,temperature_controlled_magnetic_stirrer,property,fault,故障,bool
控温磁力搅拌器,temperature_controlled_magnetic_stirrer,property,idle,空闲,bool
控温磁力搅拌器,temperature_controlled_magnetic_stirrer,property,fault_code,故障代码,int
控温磁力搅拌器,temperature_controlled_magnetic_stirrer,property,current_speed,当前速度显示,float
控温磁力搅拌器,temperature_controlled_magnetic_stirrer,property,current_temperature,当前温度显示,float
控温磁力搅拌器,temperature_controlled_magnetic_stirrer,property,current_time,当前时间显示,float
机械搅拌器,overhead_stirrer,action,initialize,初始化,
机械搅拌器,overhead_stirrer,action,set_stir_speed,设置搅拌速度,stir_speed:float
机械搅拌器,overhead_stirrer,action,set_stir_time,设置搅拌时间,stir_time:float
机械搅拌器,overhead_stirrer,action,set_stir_mode,设置搅拌模式,stir_mode:str
机械搅拌器,overhead_stirrer,action,set_impeller_height,设置搅拌桨高度,impeller_height:float
机械搅拌器,overhead_stirrer,action,set_torque_limit,设置扭矩限制,torque_limit:float
机械搅拌器,overhead_stirrer,action,set_speed_upper_limit,设置转速上限,speed_upper_limit:float
机械搅拌器,overhead_stirrer,action,set_safety_protection,设置安全保护,safety_protection:int
机械搅拌器,overhead_stirrer,action,stir,搅拌,
机械搅拌器,overhead_stirrer,property,status,设备运行状态,str
机械搅拌器,overhead_stirrer,property,fault,故障,bool
机械搅拌器,overhead_stirrer,property,idle,空闲,bool
机械搅拌器,overhead_stirrer,property,lift_motor_state,升降电机状态,bool
机械搅拌器,overhead_stirrer,property,fault_code,故障代码,int
机械搅拌器,overhead_stirrer,property,current_speed,当前速度显示,float
机械搅拌器,overhead_stirrer,property,current_time,当前时间显示,float
机械搅拌器,overhead_stirrer,property,current_height,当前高度显示,float
机械搅拌器,overhead_stirrer,property,current_torque,当前扭矩显示,float
热混匀仪,thermomixer,action,initialize,初始化,
热混匀仪,thermomixer,action,set_heating_temperature,设置加热温度,heating_temperature:float
热混匀仪,thermomixer,action,set_mix_speed,设置混匀速度,mix_speed:float
热混匀仪,thermomixer,action,set_run_time,设置运行时间,run_time:float
热混匀仪,thermomixer,action,set_work_mode,设置工作模式,work_mode:str
热混匀仪,thermomixer,action,set_temperature_unit,设置温度单位,temperature_unit:float
热混匀仪,thermomixer,action,set_heating_power,设置加热功率,heating_power:float
热混匀仪,thermomixer,action,set_safety_temperature,设置安全温度,safety_temperature:float
热混匀仪,thermomixer,action,mix,混匀,
热混匀仪,thermomixer,action,stop,停止,
热混匀仪,thermomixer,property,status,设备运行状态,str
热混匀仪,thermomixer,property,fault,故障,bool
热混匀仪,thermomixer,property,idle,空闲,bool
热混匀仪,thermomixer,property,door_switch_state,门开关状态,bool
热混匀仪,thermomixer,property,fault_code,故障代码,int
热混匀仪,thermomixer,property,current_temperature,当前温度显示,float
热混匀仪,thermomixer,property,current_speed,当前速度显示,float
热混匀仪,thermomixer,property,current_time,当前时间显示,float
分散机,disperser,action,initialize,初始化,
分散机,disperser,action,set_dispersion_speed,设置分散转速,dispersion_speed:float
分散机,disperser,action,set_dispersion_time,设置分散时间,dispersion_time:float
分散机,disperser,action,set_disperser_head_height,设置分散头高度,disperser_head_height:float
分散机,disperser,action,set_dispersion_mode,设置分散模式,dispersion_mode:str
分散机,disperser,action,set_speed_increment,设置转速增量,speed_increment:float
分散机,disperser,action,set_increment_time,设置增量时间,increment_time:float
分散机,disperser,action,set_torque_limit,设置扭矩限制,torque_limit:float
分散机,disperser,action,disperse,分散,
分散机,disperser,property,status,设备运行状态,str
分散机,disperser,property,fault,故障,bool
分散机,disperser,property,idle,空闲,bool
分散机,disperser,property,fault_code,故障代码,int
分散机,disperser,property,current_speed,当前转速显示,float
分散机,disperser,property,current_time,当前时间显示,float
分散机,disperser,property,current_height,当前高度显示,float
分散机,disperser,property,current_torque,当前扭矩显示,float
均质器,homogenizer,action,initialize,初始化,
均质器,homogenizer,action,set_homogenize_pressure,设置均质压力,homogenize_pressure:float
均质器,homogenizer,action,set_homogenize_flow,设置均质流量,homogenize_flow:float
均质器,homogenizer,action,set_run_time,设置运行时间,run_time:float
均质器,homogenizer,action,set_homogenize_level,设置均质级别,homogenize_level:int
均质器,homogenizer,action,set_cycle_count,设置循环次数,cycle_count:int
均质器,homogenizer,action,set_pressure_upper_limit,设置压力上限,pressure_upper_limit:float
均质器,homogenizer,action,set_flow_upper_limit,设置流量上限,flow_upper_limit:float
均质器,homogenizer,action,homogenize,均质,
均质器,homogenizer,property,status,设备运行状态,str
均质器,homogenizer,property,fault,故障,bool
均质器,homogenizer,property,idle,空闲,bool
均质器,homogenizer,property,pressure_protection,压力保护,bool
均质器,homogenizer,property,flow_protection,流量保护,bool
均质器,homogenizer,property,cleaning_mode,清洗模式,bool
均质器,homogenizer,property,fault_code,故障代码,int
均质器,homogenizer,property,current_pressure,当前压力显示,float
均质器,homogenizer,property,current_flow,当前流量显示,float
均质器,homogenizer,property,current_time,当前时间显示,float
均质器,homogenizer,property,current_cycle_count,当前循环次数,int
均质器,homogenizer,property,temperature,温度监测显示,float
均质器,homogenizer,property,safety_protection_level,安全保护等级,int
匀浆机,blender_homogenizer,action,initialize,初始化,
匀浆机,blender_homogenizer,action,set_blend_speed,设置匀浆转速,blend_speed:float
匀浆机,blender_homogenizer,action,set_blend_time,设置匀浆时间,blend_time:float
匀浆机,blender_homogenizer,action,set_blend_mode,设置匀浆模式,blend_mode:str
匀浆机,blender_homogenizer,action,set_pulse_interval,设置脉冲间隔,pulse_interval:float
匀浆机,blender_homogenizer,action,set_pulse_width,设置脉冲宽度,pulse_width:int
匀浆机,blender_homogenizer,action,set_torque_limit,设置扭矩限制,torque_limit:float
匀浆机,blender_homogenizer,action,set_time,设置时间,time:float
匀浆机,blender_homogenizer,action,blend,匀浆,
匀浆机,blender_homogenizer,property,status,设备运行状态,str
匀浆机,blender_homogenizer,property,fault,故障,bool
匀浆机,blender_homogenizer,property,idle,空闲,bool
匀浆机,blender_homogenizer,property,safety_lock_state,安全锁状态,bool
匀浆机,blender_homogenizer,property,fault_code,故障代码,int
匀浆机,blender_homogenizer,property,current_speed,当前转速显示,float
匀浆机,blender_homogenizer,property,current_time,当前时间显示,float
匀浆机,blender_homogenizer,property,current_torque,当前扭矩显示,float
超声波清洗机,ultrasonic_cleaner,action,initialize,初始化,
超声波清洗机,ultrasonic_cleaner,action,set_mode,设置运行模式,mode:str
超声波清洗机,ultrasonic_cleaner,action,set_cleaning_time,设置清洗时间,cleaning_time:float
超声波清洗机,ultrasonic_cleaner,action,set_cleaning_temperature,设置清洗温度,cleaning_temperature:float
超声波清洗机,ultrasonic_cleaner,action,set_cleaning_pressure,设置清洗压力,cleaning_pressure:float
超声波清洗机,ultrasonic_cleaner,action,set_ultrasonic_power,设置超声波功率,ultrasonic_power:float
超声波清洗机,ultrasonic_cleaner,action,clean,清洗,
超声波清洗机,ultrasonic_cleaner,action,prepare_cleaning,清洗准备,
超声波清洗机,ultrasonic_cleaner,action,finish_cleaning,清洗结束,
超声波清洗机,ultrasonic_cleaner,property,status,设备运行状态,str
超声波清洗机,ultrasonic_cleaner,property,fault,故障,bool
超声波清洗机,ultrasonic_cleaner,property,idle,空闲,bool
超声波清洗机,ultrasonic_cleaner,property,device_ready,设备就绪,bool
超声波清洗机,ultrasonic_cleaner,property,liquid_level,液位检测,bool
超声波清洗机,ultrasonic_cleaner,property,fault_code,故障代码,int
超声波清洗机,ultrasonic_cleaner,property,current_cleaning_time,实际清洗时间,float
超声波清洗机,ultrasonic_cleaner,property,ultrasonic_power_feedback,超声波功率反馈,float
超声波清洗机,ultrasonic_cleaner,property,cleaning_temperature_feedback,清洗温度反馈,float
超声波清洗机,ultrasonic_cleaner,property,cleaning_time_feedback,清洗时间反馈,float
喷淋式清洗机,spray_washer,action,initialize,初始化,
喷淋式清洗机,spray_washer,action,set_mode,设置运行模式,mode:str
喷淋式清洗机,spray_washer,action,set_cleaning_time,设置清洗时间,cleaning_time:float
喷淋式清洗机,spray_washer,action,set_cleaning_temperature,设置清洗温度,cleaning_temperature:float
喷淋式清洗机,spray_washer,action,set_cleaning_pressure,设置清洗压力,cleaning_pressure:float
喷淋式清洗机,spray_washer,action,set_spray_pressure,设置喷淋压力,spray_pressure:float
喷淋式清洗机,spray_washer,action,set_spray_temperature,设置喷淋温度,spray_temperature:float
喷淋式清洗机,spray_washer,action,set_spray_time,设置喷淋时间,spray_time:float
喷淋式清洗机,spray_washer,action,set_detergent_concentration,设置洗涤剂浓度,detergent_concentration:float
喷淋式清洗机,spray_washer,action,clean,清洗,
喷淋式清洗机,spray_washer,action,prepare_cleaning,清洗准备,
喷淋式清洗机,spray_washer,action,finish_cleaning,清洗结束,
喷淋式清洗机,spray_washer,property,status,设备运行状态,str
喷淋式清洗机,spray_washer,property,fault,故障,bool
喷淋式清洗机,spray_washer,property,idle,空闲,bool
喷淋式清洗机,spray_washer,property,device_ready,设备就绪,bool
喷淋式清洗机,spray_washer,property,fault_code,故障代码,int
喷淋式清洗机,spray_washer,property,current_cleaning_time,实际清洗时间,float
喷淋式清洗机,spray_washer,property,spray_pressure_feedback,喷淋压力反馈,float
喷淋式清洗机,spray_washer,property,spray_temperature_feedback,喷淋温度反馈,float
喷淋式清洗机,spray_washer,property,spray_time_feedback,喷淋时间反馈,float
喷淋式清洗机,spray_washer,property,detergent_concentration_feedback,洗涤剂浓度反馈,float
蒸汽清洗机,steam_cleaner,action,initialize,初始化,
蒸汽清洗机,steam_cleaner,action,set_mode,设置运行模式,mode:str
蒸汽清洗机,steam_cleaner,action,set_cleaning_time,设置清洗时间,cleaning_time:float
蒸汽清洗机,steam_cleaner,action,set_cleaning_temperature,设置清洗温度,cleaning_temperature:float
蒸汽清洗机,steam_cleaner,action,set_cleaning_pressure,设置清洗压力,cleaning_pressure:float
蒸汽清洗机,steam_cleaner,action,set_steam_pressure,设置蒸汽压力,steam_pressure:float
蒸汽清洗机,steam_cleaner,action,set_steam_temperature,设置蒸汽温度,steam_temperature:float
蒸汽清洗机,steam_cleaner,action,set_steam_time,设置蒸汽时间,steam_time:float
蒸汽清洗机,steam_cleaner,action,clean,清洗,
蒸汽清洗机,steam_cleaner,action,prepare_cleaning,清洗准备,
蒸汽清洗机,steam_cleaner,action,finish_cleaning,清洗结束,
蒸汽清洗机,steam_cleaner,property,status,设备运行状态,str
蒸汽清洗机,steam_cleaner,property,fault,故障,bool
蒸汽清洗机,steam_cleaner,property,idle,空闲,bool
蒸汽清洗机,steam_cleaner,property,device_ready,设备就绪,bool
蒸汽清洗机,steam_cleaner,property,steam_generator_state,蒸汽发生器状态,bool
蒸汽清洗机,steam_cleaner,property,drain_valve_state,疏水阀状态,bool
蒸汽清洗机,steam_cleaner,property,fault_code,故障代码,int
蒸汽清洗机,steam_cleaner,property,current_cleaning_time,实际清洗时间,float
蒸汽清洗机,steam_cleaner,property,steam_pressure_feedback,蒸汽压力反馈,float
蒸汽清洗机,steam_cleaner,property,steam_temperature_feedback,蒸汽温度反馈,float
蒸汽清洗机,steam_cleaner,property,steam_time_feedback,蒸汽时间反馈,float
激光清洗机,laser_cleaner,action,initialize,初始化,
激光清洗机,laser_cleaner,action,set_mode,设置运行模式,mode:str
激光清洗机,laser_cleaner,action,set_cleaning_time,设置清洗时间,cleaning_time:float
激光清洗机,laser_cleaner,action,set_cleaning_temperature,设置清洗温度,cleaning_temperature:float
激光清洗机,laser_cleaner,action,set_cleaning_pressure,设置清洗压力,cleaning_pressure:float
激光清洗机,laser_cleaner,action,set_laser_power,设置激光功率,laser_power:float
激光清洗机,laser_cleaner,action,set_scan_speed,设置扫描速度,scan_speed:float
激光清洗机,laser_cleaner,action,set_focus_distance,设置聚焦距离,focus_distance:float
激光清洗机,laser_cleaner,action,clean,清洗,
激光清洗机,laser_cleaner,action,prepare_cleaning,清洗准备,
激光清洗机,laser_cleaner,action,finish_cleaning,清洗结束,
激光清洗机,laser_cleaner,property,status,设备运行状态,str
激光清洗机,laser_cleaner,property,fault,故障,bool
激光清洗机,laser_cleaner,property,idle,空闲,bool
激光清洗机,laser_cleaner,property,device_ready,设备就绪,bool
激光清洗机,laser_cleaner,property,laser_head_moving_state,激光头移动状态,bool
激光清洗机,laser_cleaner,property,cooling_system_state,冷却系统状态,bool
激光清洗机,laser_cleaner,property,fault_code,故障代码,int
激光清洗机,laser_cleaner,property,current_cleaning_time,实际清洗时间,float
激光清洗机,laser_cleaner,property,laser_power_feedback,激光功率反馈,float
激光清洗机,laser_cleaner,property,scan_speed_feedback,扫描速度反馈,float
激光清洗机,laser_cleaner,property,focus_distance_feedback,聚焦距离反馈,float
干冰清洗机,dry_ice_cleaner,action,initialize,初始化,
干冰清洗机,dry_ice_cleaner,action,set_mode,设置运行模式,mode:str
干冰清洗机,dry_ice_cleaner,action,set_cleaning_time,设置清洗时间,cleaning_time:float
干冰清洗机,dry_ice_cleaner,action,set_cleaning_temperature,设置清洗温度,cleaning_temperature:float
干冰清洗机,dry_ice_cleaner,action,set_cleaning_pressure,设置清洗压力,cleaning_pressure:float
干冰清洗机,dry_ice_cleaner,action,set_dry_ice_amount,设置干冰用量,dry_ice_amount:float
干冰清洗机,dry_ice_cleaner,action,set_jet_pressure,设置喷射压力,jet_pressure:float
干冰清洗机,dry_ice_cleaner,action,set_nozzle_distance,设置喷嘴距离,nozzle_distance:float
干冰清洗机,dry_ice_cleaner,action,clean,清洗,
干冰清洗机,dry_ice_cleaner,action,prepare_cleaning,清洗准备,
干冰清洗机,dry_ice_cleaner,action,finish_cleaning,清洗结束,
干冰清洗机,dry_ice_cleaner,property,status,设备运行状态,str
干冰清洗机,dry_ice_cleaner,property,fault,故障,bool
干冰清洗机,dry_ice_cleaner,property,idle,空闲,bool
干冰清洗机,dry_ice_cleaner,property,device_ready,设备就绪,bool
干冰清洗机,dry_ice_cleaner,property,compressed_air_state,压缩空气状态,bool
干冰清洗机,dry_ice_cleaner,property,fault_code,故障代码,int
干冰清洗机,dry_ice_cleaner,property,current_cleaning_time,实际清洗时间,float
干冰清洗机,dry_ice_cleaner,property,dry_ice_amount_feedback,干冰用量反馈,str
干冰清洗机,dry_ice_cleaner,property,jet_pressure_feedback,喷射压力反馈,str
干冰清洗机,dry_ice_cleaner,property,nozzle_distance_feedback,喷嘴距离反馈,str
等离子体清洗机,plasma_cleaner,action,initialize,初始化,
等离子体清洗机,plasma_cleaner,action,set_mode,设置运行模式,mode:str
等离子体清洗机,plasma_cleaner,action,set_cleaning_time,设置清洗时间,cleaning_time:float
等离子体清洗机,plasma_cleaner,action,set_cleaning_temperature,设置清洗温度,cleaning_temperature:float
等离子体清洗机,plasma_cleaner,action,set_cleaning_pressure,设置清洗压力,cleaning_pressure:float
等离子体清洗机,plasma_cleaner,action,set_plasma_power,设置等离子功率,plasma_power:float
等离子体清洗机,plasma_cleaner,action,set_vacuum,设置真空度,vacuum:float
等离子体清洗机,plasma_cleaner,action,set_treatment_time,设置处理时间,treatment_time:float
等离子体清洗机,plasma_cleaner,action,set_gas_flow,设置气体流量,gas_flow:float
等离子体清洗机,plasma_cleaner,action,clean,清洗,
等离子体清洗机,plasma_cleaner,action,prepare_cleaning,清洗准备,
等离子体清洗机,plasma_cleaner,action,finish_cleaning,清洗结束,
等离子体清洗机,plasma_cleaner,property,status,设备运行状态,str
等离子体清洗机,plasma_cleaner,property,fault,故障,bool
等离子体清洗机,plasma_cleaner,property,idle,空闲,bool
等离子体清洗机,plasma_cleaner,property,device_ready,设备就绪,bool
等离子体清洗机,plasma_cleaner,property,fault_code,故障代码,int
等离子体清洗机,plasma_cleaner,property,current_cleaning_time,实际清洗时间,float
等离子体清洗机,plasma_cleaner,property,plasma_power_feedback,等离子功率反馈,float
等离子体清洗机,plasma_cleaner,property,vacuum_feedback,真空度反馈,float
等离子体清洗机,plasma_cleaner,property,treatment_time_feedback,处理时间反馈,float
等离子体清洗机,plasma_cleaner,property,gas_flow_feedback,气体流量反馈,float
复合型清洗机,composite_cleaner,action,initialize,初始化,
复合型清洗机,composite_cleaner,action,set_mode,设置运行模式,mode:str
复合型清洗机,composite_cleaner,action,set_cleaning_time,设置清洗时间,cleaning_time:float
复合型清洗机,composite_cleaner,action,set_cleaning_temperature,设置清洗温度,cleaning_temperature:float
复合型清洗机,composite_cleaner,action,set_cleaning_pressure,设置清洗压力,cleaning_pressure:float
复合型清洗机,composite_cleaner,action,set_main_wash_power,设置主清洗功率,main_wash_power:float
复合型清洗机,composite_cleaner,action,set_aux_wash_power,设置辅助清洗功率,aux_wash_power:float
复合型清洗机,composite_cleaner,action,set_total_wash_time,设置总清洗时间,total_wash_time:float
复合型清洗机,composite_cleaner,action,clean,清洗,
复合型清洗机,composite_cleaner,action,prepare_cleaning,清洗准备,
复合型清洗机,composite_cleaner,action,finish_cleaning,清洗结束,
复合型清洗机,composite_cleaner,property,status,设备运行状态,str
复合型清洗机,composite_cleaner,property,fault,故障,bool
复合型清洗机,composite_cleaner,property,idle,空闲,bool
复合型清洗机,composite_cleaner,property,device_ready,设备就绪,bool
复合型清洗机,composite_cleaner,property,modules_sync_state,各模块协同状态,bool
复合型清洗机,composite_cleaner,property,fault_code,故障代码,int
复合型清洗机,composite_cleaner,property,current_cleaning_time,实际清洗时间,float
复合型清洗机,composite_cleaner,property,main_wash_power_feedback,主清洗功率反馈,float
复合型清洗机,composite_cleaner,property,aux_wash_power_feedback,辅助清洗功率反馈,float
复合型清洗机,composite_cleaner,property,total_wash_time_feedback,总清洗时间反馈,float
打粉机,pulverizer,action,initialize,初始化,
打粉机,pulverizer,action,set_mode,设置运行模式,mode:str
打粉机,pulverizer,action,set_speed,设置转速,speed:float
打粉机,pulverizer,action,pulverize,打粉,
打粉机,pulverizer,property,status,设备运行状态,str
打粉机,pulverizer,property,fault,故障,bool
打粉机,pulverizer,property,idle,空闲,bool
打粉机,pulverizer,property,device_ready,设备就绪,bool
打粉机,pulverizer,property,fault_code,故障代码,int
打粉机,pulverizer,property,current_speed,实际转速,float
打粉机,pulverizer,property,cooling_temperature,冷却温度,float
球磨机,ball_mill,action,initialize,初始化,
球磨机,ball_mill,action,set_mode,设置运行模式,mode:str
球磨机,ball_mill,action,set_grinding_time,设置研磨时间,grinding_time:float
球磨机,ball_mill,action,set_ball_to_powder_ratio,设置球料比,ball_to_powder_ratio:float
球磨机,ball_mill,action,set_grinding_temperature,设置研磨温度,grinding_temperature:float
球磨机,ball_mill,action,set_fwd_rev_interval,设置正反转间隔,fwd_rev_interval:float
球磨机,ball_mill,action,set_speed,设置转速,speed:float
球磨机,ball_mill,action,grind,研磨,
球磨机,ball_mill,property,status,设备运行状态,str
球磨机,ball_mill,property,fault,故障,bool
球磨机,ball_mill,property,idle,空闲,bool
球磨机,ball_mill,property,device_ready,设备就绪,bool
球磨机,ball_mill,property,fault_code,故障代码,int
球磨机,ball_mill,property,current_speed,实际转速,float
粉碎机,crusher,action,initialize,初始化,
粉碎机,crusher,action,set_mode,设置运行模式,mode:str
粉碎机,crusher,action,set_speed,设置转速,speed:float
粉碎机,crusher,action,crush,粉碎,
粉碎机,crusher,action,clear_material,清料,
粉碎机,crusher,property,status,设备运行状态,str
粉碎机,crusher,property,fault,故障,bool
粉碎机,crusher,property,idle,空闲,bool
粉碎机,crusher,property,device_ready,设备就绪,bool
粉碎机,crusher,property,fault_code,故障代码,int
粉碎机,crusher,property,current_speed,实际转速,float
粉碎机,crusher,property,discharge_particle_size,出料粒度,int
粉碎机,crusher,property,feeding_speed,进料速度,float
粉碎机,crusher,property,motor_current,电机电流,float
组织破碎机,tissue_disruptor,action,initialize,初始化,
组织破碎机,tissue_disruptor,action,set_mode,设置运行模式,mode:str
组织破碎机,tissue_disruptor,action,set_speed,设置转速,speed:float
组织破碎机,tissue_disruptor,action,disrupt,破碎,
组织破碎机,tissue_disruptor,property,status,设备运行状态,str
组织破碎机,tissue_disruptor,property,fault,故障,bool
组织破碎机,tissue_disruptor,property,idle,空闲,bool
组织破碎机,tissue_disruptor,property,device_ready,设备就绪,bool
组织破碎机,tissue_disruptor,property,fault_code,故障代码,int
组织破碎机,tissue_disruptor,property,current_speed,实际转速,float
超声破碎仪,ultrasonic_disruptor,action,initialize,初始化,
超声破碎仪,ultrasonic_disruptor,action,set_mode,设置运行模式,mode:str
超声破碎仪,ultrasonic_disruptor,action,set_amplitude,设置振幅,amplitude:int
超声破碎仪,ultrasonic_disruptor,action,set_power,设置功率,power:float
超声破碎仪,ultrasonic_disruptor,action,ultrasonicate,超声,
超声破碎仪,ultrasonic_disruptor,property,status,设备运行状态,str
超声破碎仪,ultrasonic_disruptor,property,fault,故障,bool
超声破碎仪,ultrasonic_disruptor,property,idle,空闲,bool
超声破碎仪,ultrasonic_disruptor,property,device_ready,设备就绪,bool
超声破碎仪,ultrasonic_disruptor,property,fault_code,故障代码,int
超声破碎仪,ultrasonic_disruptor,property,current_power,实际功率,float
超声破碎仪,ultrasonic_disruptor,property,ultrasonic_time,超声时间,float
纯水设备,pure_water_system,action,initialize,初始化,
纯水设备,pure_water_system,action,set_mode,设置运行模式,mode:str
纯水设备,pure_water_system,action,set_water_production_flow,设置制水流量,water_production_flow:float
纯水设备,pure_water_system,action,set_water_resistivity,设置水质电阻率,water_resistivity:float
纯水设备,pure_water_system,action,produce_water,制水,
纯水设备,pure_water_system,action,rinse,冲洗,
纯水设备,pure_water_system,property,status,设备运行状态,str
纯水设备,pure_water_system,property,fault,故障,bool
纯水设备,pure_water_system,property,idle,空闲,bool
纯水设备,pure_water_system,property,device_ready,设备就绪,bool
纯水设备,pure_water_system,property,fault_code,故障代码,int
纯水设备,pure_water_system,property,current_water_resistivity,实际水质电阻率,int
纯水设备,pure_water_system,property,current_water_production_flow,实际制水流量,float
蒸馏水设备,distilled_water_system,action,initialize,初始化,
蒸馏水设备,distilled_water_system,action,set_mode,设置运行模式,mode:str
蒸馏水设备,distilled_water_system,action,set_heating_temperature,设置加热温度,heating_temperature:float
蒸馏水设备,distilled_water_system,action,set_distillation_flow,设置蒸馏流量,distillation_flow:float
蒸馏水设备,distilled_water_system,action,distill,蒸馏,
蒸馏水设备,distilled_water_system,action,heat,加热,
蒸馏水设备,distilled_water_system,property,status,设备运行状态,str
蒸馏水设备,distilled_water_system,property,fault,故障,bool
蒸馏水设备,distilled_water_system,property,idle,空闲,bool
蒸馏水设备,distilled_water_system,property,device_ready,设备就绪,bool
蒸馏水设备,distilled_water_system,property,fault_code,故障代码,int
蒸馏水设备,distilled_water_system,property,current_heating_temperature,实际加热温度,float
蒸馏水设备,distilled_water_system,property,current_distillation_flow,实际蒸馏流量,float
蒸馏水设备,distilled_water_system,property,condensate_temperature,冷凝水温度,float
凝胶渗透净化系统,gpc_cleanup_system,action,initialize,初始化,
凝胶渗透净化系统,gpc_cleanup_system,action,set_mode,设置运行模式,mode:str
凝胶渗透净化系统,gpc_cleanup_system,action,set_mobile_phase_velocity,设置流动相流速,mobile_phase_velocity:float
凝胶渗透净化系统,gpc_cleanup_system,action,set_column_temperature,设置柱温,column_temperature:int
凝胶渗透净化系统,gpc_cleanup_system,action,purify,净化,
凝胶渗透净化系统,gpc_cleanup_system,action,rinse,冲洗,
凝胶渗透净化系统,gpc_cleanup_system,property,status,设备运行状态,str
凝胶渗透净化系统,gpc_cleanup_system,property,fault,故障,bool
凝胶渗透净化系统,gpc_cleanup_system,property,idle,空闲,bool
凝胶渗透净化系统,gpc_cleanup_system,property,device_ready,设备就绪,bool
凝胶渗透净化系统,gpc_cleanup_system,property,fault_code,故障代码,int
凝胶渗透净化系统,gpc_cleanup_system,property,current_velocity,实际流速,float
凝胶渗透净化系统,gpc_cleanup_system,property,system_pressure,系统压力,float
凝胶色谱净化系统,gel_chromatography_cleanup_system,action,initialize,初始化,
凝胶色谱净化系统,gel_chromatography_cleanup_system,action,set_mode,设置运行模式,mode:str
凝胶色谱净化系统,gel_chromatography_cleanup_system,action,chromatography_cleanup,色谱净化,
凝胶色谱净化系统,gel_chromatography_cleanup_system,action,elute,洗脱,
凝胶色谱净化系统,gel_chromatography_cleanup_system,property,status,设备运行状态,str
凝胶色谱净化系统,gel_chromatography_cleanup_system,property,fault,故障,bool
凝胶色谱净化系统,gel_chromatography_cleanup_system,property,idle,空闲,bool
凝胶色谱净化系统,gel_chromatography_cleanup_system,property,device_ready,设备就绪,bool
凝胶色谱净化系统,gel_chromatography_cleanup_system,property,fault_code,故障代码,int
凝胶色谱净化系统,gel_chromatography_cleanup_system,property,mobile_phase_velocity,流动相流速,float
凝胶色谱净化系统,gel_chromatography_cleanup_system,property,column_temperature,柱温,int
凝胶色谱净化系统,gel_chromatography_cleanup_system,property,elution_volume,洗脱体积,float
制备色谱仪,preparative_chromatograph,action,initialize,初始化,
制备色谱仪,preparative_chromatograph,action,set_mode,设置运行模式,mode:str
制备色谱仪,preparative_chromatograph,action,set_injection_volume,设置进样量,injection_volume:int
制备色谱仪,preparative_chromatograph,action,prepare,制备,
制备色谱仪,preparative_chromatograph,action,inject,进样,
制备色谱仪,preparative_chromatograph,property,status,设备运行状态,str
制备色谱仪,preparative_chromatograph,property,fault,故障,bool
制备色谱仪,preparative_chromatograph,property,idle,空闲,bool
制备色谱仪,preparative_chromatograph,property,device_ready,设备就绪,bool
制备色谱仪,preparative_chromatograph,property,fault_code,故障代码,int
制备色谱仪,preparative_chromatograph,property,mobile_phase_velocity,流动相流速,float
制备色谱仪,preparative_chromatograph,property,system_pressure,系统压力,float
气体净化机,gas_purifier,action,initialize,初始化,
气体净化机,gas_purifier,action,set_mode,设置运行模式,mode:str
气体净化机,gas_purifier,action,set_output_flow,设置输出流量,output_flow:float
气体净化机,gas_purifier,action,purify,净化,
气体净化机,gas_purifier,action,purge,吹扫,
气体净化机,gas_purifier,property,status,设备运行状态,str
气体净化机,gas_purifier,property,fault,故障,bool
气体净化机,gas_purifier,property,idle,空闲,bool
气体净化机,gas_purifier,property,device_ready,设备就绪,bool
气体净化机,gas_purifier,property,fault_code,故障代码,int
气体净化机,gas_purifier,property,current_output_flow,实际输出流量,float
气体净化机,gas_purifier,property,output_pressure,输出压力,float
组织研磨仪,tissue_grinder,action,initialize,初始化,
组织研磨仪,tissue_grinder,action,set_mode,设置运行模式,mode:str
组织研磨仪,tissue_grinder,action,set_target_speed,设置目标转速,target_speed:float
组织研磨仪,tissue_grinder,action,set_grinding_time,设置研磨时间,grinding_time:float
组织研磨仪,tissue_grinder,action,set_amplitude_level,设置振幅等级,amplitude_level:int
组织研磨仪,tissue_grinder,action,set_cooling_temperature,设置制冷温度,cooling_temperature:float
组织研磨仪,tissue_grinder,action,set_cycle_count,设置循环次数,cycle_count:int
组织研磨仪,tissue_grinder,action,grind,研磨,
组织研磨仪,tissue_grinder,action,cool,制冷,
组织研磨仪,tissue_grinder,property,status,设备运行状态,str
组织研磨仪,tissue_grinder,property,fault,故障,bool
组织研磨仪,tissue_grinder,property,idle,空闲,bool
组织研磨仪,tissue_grinder,property,device_ready,设备就绪,bool
组织研磨仪,tissue_grinder,property,sample_chamber_door_state,样品室门状态,bool
组织研磨仪,tissue_grinder,property,safety_lock_state,安全锁状态,bool
组织研磨仪,tissue_grinder,property,amplitude_stable_state,振幅稳定状态,bool
组织研磨仪,tissue_grinder,property,fault_code,故障代码,int
组织研磨仪,tissue_grinder,property,current_speed,实际转速检测,float
组织研磨仪,tissue_grinder,property,current_temperature,实际温度检测,float
研磨机,grinder,action,initialize,初始化,
研磨机,grinder,action,set_mode,设置运行模式,mode:str
研磨机,grinder,action,set_grinding_disc_speed,设置研磨盘转速,grinding_disc_speed:float
研磨机,grinder,action,set_grinding_pressure,设置研磨压力,grinding_pressure:float
研磨机,grinder,action,set_grinding_time,设置研磨时间,grinding_time:float
研磨机,grinder,action,set_grinding_particle_size,设置研磨粒度,grinding_particle_size:int
研磨机,grinder,action,set_cleaning_time,设置清洁时间,cleaning_time:float
研磨机,grinder,action,grind,研磨,
研磨机,grinder,action,auto_clean,自动清洁,
研磨机,grinder,property,status,设备运行状态,str
研磨机,grinder,property,fault,故障,bool
研磨机,grinder,property,idle,空闲,bool
研磨机,grinder,property,device_ready,设备就绪,bool
研磨机,grinder,property,grinding_disc_rotation_state,研磨盘旋转状态,bool
研磨机,grinder,property,pressure_loading_state,压力加载状态,bool
研磨机,grinder,property,cooling_system_running,冷却系统运行,bool
研磨机,grinder,property,guard_state,防护罩状态,bool
研磨机,grinder,property,fault_code,故障代码,int
研磨机,grinder,property,current_speed,实际转速检测,float
研磨机,grinder,property,current_pressure,实际压力检测,float
电子束刻蚀系统,electron_beam_etching_system,action,initialize,初始化,
电子束刻蚀系统,electron_beam_etching_system,action,set_mode,设置运行模式,mode:str
电子束刻蚀系统,electron_beam_etching_system,action,set_etching_power,设置刻蚀功率,etching_power:float
电子束刻蚀系统,electron_beam_etching_system,action,set_vacuum,设置真空度,vacuum:float
电子束刻蚀系统,electron_beam_etching_system,action,set_etching_time,设置刻蚀时间,etching_time:float
电子束刻蚀系统,electron_beam_etching_system,action,set_sample_stage_temp,设置样品台温度,sample_stage_temp:float
电子束刻蚀系统,electron_beam_etching_system,action,set_etching_depth,设置刻蚀深度,etching_depth:float
电子束刻蚀系统,electron_beam_etching_system,action,etch,刻蚀,
电子束刻蚀系统,electron_beam_etching_system,action,plasma,等离子体,
电子束刻蚀系统,electron_beam_etching_system,property,status,设备运行状态,str
电子束刻蚀系统,electron_beam_etching_system,property,fault,故障,bool
电子束刻蚀系统,electron_beam_etching_system,property,idle,空闲,bool
电子束刻蚀系统,electron_beam_etching_system,property,device_ready,设备就绪,bool
电子束刻蚀系统,electron_beam_etching_system,property,vacuum_system_running,真空系统运行,bool
电子束刻蚀系统,electron_beam_etching_system,property,gas_supply_state,气体供应状态,bool
电子束刻蚀系统,electron_beam_etching_system,property,sample_stage_moving_state,样品台移动状态,bool
电子束刻蚀系统,electron_beam_etching_system,property,shield_door_off_state,屏蔽门关闭状态,bool
电子束刻蚀系统,electron_beam_etching_system,property,power_stable_state,功率稳定状态,bool
电子束刻蚀系统,electron_beam_etching_system,property,fault_code,故障代码,int
电子束刻蚀系统,electron_beam_etching_system,property,current_power,实际功率检测,float
电子束刻蚀系统,electron_beam_etching_system,property,current_vacuum,实际真空度检测,float
纽扣电池组装工站,coin_cell_assembly_station,action,initialize,初始化,
纽扣电池组装工站,coin_cell_assembly_station,action,set_electrolyte_bottle_count,设置电解液使用瓶数,electrolyte_bottle_count:int
纽扣电池组装工站,coin_cell_assembly_station,action,set_anode_sheet_reels,设置负极片盘数,anode_sheet_reels:int
纽扣电池组装工站,coin_cell_assembly_station,action,set_separator_reels,设置隔膜盘数,separator_reels:int
纽扣电池组装工站,coin_cell_assembly_station,action,set_electrolyte_uses_per_bottle,设置单瓶电解液使用次数,electrolyte_uses_per_bottle:int
纽扣电池组装工站,coin_cell_assembly_station,action,set_electrolyte_draw_volume,设置电解液吸取量,electrolyte_draw_volume:int
纽扣电池组装工站,coin_cell_assembly_station,action,set_cell_assembly_press_force,设置电池组装压制力,cell_assembly_press_force:int
纽扣电池组装工站,coin_cell_assembly_station,action,set_electrolyte_qr_serial,设置电解液二维码序列号,electrolyte_qr_serial:str
纽扣电池组装工站,coin_cell_assembly_station,action,set_pipette_dispense_volume,设置移液枪排液量,pipette_dispense_volume:int
纽扣电池组装工站,coin_cell_assembly_station,action,set_electrode_stacking_mode,设置极片堆叠方式,electrode_stacking_mode:str
纽扣电池组装工站,coin_cell_assembly_station,action,set_battery_qr_serial,设置电池二维码序列号,battery_qr_serial:str
纽扣电池组装工站,coin_cell_assembly_station,action,set_ocv_ok_lower_limit,设置开路电压OK下限值,ocv_ok_lower_limit:float
纽扣电池组装工站,coin_cell_assembly_station,action,set_ocv_ok_upper_limit,设置开路电压OK上限值,ocv_ok_upper_limit:float
纽扣电池组装工站,coin_cell_assembly_station,action,set_cathode_sheet_thickness_10mm,设置10mm正极片厚度,cathode_sheet_thickness_10mm:float
纽扣电池组装工站,coin_cell_assembly_station,action,set_cathode_sheet_thickness_12mm,设置12mm正极片厚度,cathode_sheet_thickness_12mm:float
纽扣电池组装工站,coin_cell_assembly_station,action,set_cathode_sheet_thickness_16mm,设置16mm正极片厚度,cathode_sheet_thickness_16mm:float
纽扣电池组装工站,coin_cell_assembly_station,action,set_aluminum_foil_thickness,设置铝箔厚度,aluminum_foil_thickness:float
纽扣电池组装工站,coin_cell_assembly_station,action,set_cathode_case_thickness,设置正极壳厚度,cathode_case_thickness:float
纽扣电池组装工站,coin_cell_assembly_station,action,set_flat_washer_thickness,设置平垫厚度,flat_washer_thickness:float
纽扣电池组装工站,coin_cell_assembly_station,action,set_anode_case_thickness,设置负极壳厚度,anode_case_thickness:float
纽扣电池组装工站,coin_cell_assembly_station,action,set_spring_washer_thickness,设置弹垫厚度,spring_washer_thickness:float
纽扣电池组装工站,coin_cell_assembly_station,action,set_finished_cell_thickness,设置成品电池厚度,finished_cell_thickness:float
纽扣电池组装工站,coin_cell_assembly_station,action,start,启动,
纽扣电池组装工站,coin_cell_assembly_station,action,stop,停止,
纽扣电池组装工站,coin_cell_assembly_station,action,reset,复位,
纽扣电池组装工站,coin_cell_assembly_station,action,set_manual_mode,切换手动模式,
纽扣电池组装工站,coin_cell_assembly_station,action,set_auto_mode,切换自动模式,
纽扣电池组装工站,coin_cell_assembly_station,action,load_recipe,配方下发,
纽扣电池组装工站,coin_cell_assembly_station,property,status,设备运行状态,str
纽扣电池组装工站,coin_cell_assembly_station,property,electrolyte_bottle_count,电解液使用瓶数,int
纽扣电池组装工站,coin_cell_assembly_station,property,electrolyte_uses_per_bottle,单瓶电解液使用次数,int
纽扣电池组装工站,coin_cell_assembly_station,property,electrolyte_draw_volume,电解液吸取量,int
纽扣电池组装工站,coin_cell_assembly_station,property,electrolyte_qr_serial,电解液二维码序列号,str
纽扣电池组装工站,coin_cell_assembly_station,property,aluminum_foil_material,铝箔物料,bool
纽扣电池组装工站,coin_cell_assembly_station,property,pressing_mode,压制模式,bool
纽扣电池组装工站,coin_cell_assembly_station,property,cathode_weigh,正极片称重,bool
纽扣电池组装工站,coin_cell_assembly_station,property,pipette_dispense_volume,移液枪排液量,int
纽扣电池组装工站,coin_cell_assembly_station,property,current_cell_cathode_weigh_data,当前电池正极片称重数据,str
纽扣电池组装工站,coin_cell_assembly_station,property,current_single_cell_assembly_time,当前单颗电池组装时间,str
纽扣电池组装工站,coin_cell_assembly_station,property,current_cell_assembly_press_force,当前电池组装压制力,int
纽扣电池组装工站,coin_cell_assembly_station,property,current_electrolyte_fill_volume,当前电解液加注量,int
纽扣电池组装工站,coin_cell_assembly_station,property,electrode_stacking_mode,组装参数：极片堆叠方式(7/8),str
纽扣电池组装工站,coin_cell_assembly_station,property,battery_qr_serial,电池二维码序列号,str
纽扣电池组装工站,coin_cell_assembly_station,property,current_electrolyte_cell_count,当前电极液组装电池数量,int
纽扣电池组装工站,coin_cell_assembly_station,property,current_cell_voltage_data,当前电池电压数据,str
纽扣电池组装工站,coin_cell_assembly_station,property,current_anode_sheet_remaining_reels,当前负极片剩余盘数量,int
纽扣电池组装工站,coin_cell_assembly_station,property,current_separator_remaining_reels,当前隔膜剩余盘数量,int
纽扣电池组装工站,coin_cell_assembly_station,property,electrolyte_status_code,电解液状态码,int
纽扣电池组装工站,coin_cell_assembly_station,property,current_in_progress_cell_count,当前进行组装电池数量,int
纽扣电池组装工站,coin_cell_assembly_station,property,current_completed_cell_count,当前完成组装电池数量,int
纽扣电池组装工站,coin_cell_assembly_station,property,p_10mm_cathode_sheet_remaining_material_count,10mm正极片剩余物料数量,int
纽扣电池组装工站,coin_cell_assembly_station,property,p_12mm_cathode_sheet_remaining_material_count,12mm正极片剩余物料数量,int
纽扣电池组装工站,coin_cell_assembly_station,property,p_16mm_cathode_sheet_remaining_material_count,16mm正极片剩余物料数量,int
纽扣电池组装工站,coin_cell_assembly_station,property,aluminum_foil_remaining_material_count,铝箔剩余物料数量,int
纽扣电池组装工站,coin_cell_assembly_station,property,cathode_case_remaining_material_count,正极壳剩余物料数量,int
纽扣电池组装工站,coin_cell_assembly_station,property,flat_washer_remaining_material_count,平垫剩余物料数量,int
纽扣电池组装工站,coin_cell_assembly_station,property,anode_case_remaining_material_count,负极壳剩余物料数量,int
纽扣电池组装工站,coin_cell_assembly_station,property,spring_washer_remaining_material_count,弹垫剩余物料数量,int
软包电池组装工站,pouch_cell_assembly_station,action,set_packaging_temperature,设置封装温度,packaging_temperature:float
软包电池组装工站,pouch_cell_assembly_station,action,set_packaging_pressure,设置封装压力,packaging_pressure:float
软包电池组装工站,pouch_cell_assembly_station,action,set_packaging_time,设置封装时间,packaging_time:float
软包电池组装工站,pouch_cell_assembly_station,action,set_hot_press_temperature,设置热压温度,hot_press_temperature:float
软包电池组装工站,pouch_cell_assembly_station,action,set_hot_press_pressure,设置热压压力,hot_press_pressure:float
软包电池组装工站,pouch_cell_assembly_station,action,set_hot_press_time,设置热压时间,hot_press_time:float
软包电池组装工站,pouch_cell_assembly_station,action,set_cutting_speed,设置裁切速度,cutting_speed:float
软包电池组装工站,pouch_cell_assembly_station,action,set_vacuum,设置真空度,vacuum:float
软包电池组装工站,pouch_cell_assembly_station,action,set_cooling_water_temp,设置冷却水温,cooling_water_temp:float
软包电池组装工站,pouch_cell_assembly_station,action,set_heating_power,设置加热功率,heating_power:float
软包电池组装工站,pouch_cell_assembly_station,action,start,启动,
软包电池组装工站,pouch_cell_assembly_station,action,stop,停止,
软包电池组装工站,pouch_cell_assembly_station,action,reset,复位,
软包电池组装工站,pouch_cell_assembly_station,property,status,设备运行状态,str
软包电池组装工站,pouch_cell_assembly_station,property,device_running_state,设备运行状态,bool
软包电池组装工站,pouch_cell_assembly_station,property,device_fault_state,设备故障状态,bool
软包电池组装工站,pouch_cell_assembly_station,property,packaging_process_state,封装工序状态,bool
软包电池组装工站,pouch_cell_assembly_station,property,cutting_process_state,裁切工序状态,bool
软包电池组装工站,pouch_cell_assembly_station,property,hot_press_process_state,热压工序状态,bool
软包电池组装工站,pouch_cell_assembly_station,property,device_ready_state,设备就绪状态,bool
软包电池组装工站,pouch_cell_assembly_station,property,material_in_place_state,物料到位状态,bool
软包电池组装工站,pouch_cell_assembly_station,property,vacuum_state,真空状态,bool
软包电池组装工站,pouch_cell_assembly_station,property,cooling_system_state,冷却系统状态,bool
软包电池组装工站,pouch_cell_assembly_station,property,device_status_code,设备状态码,int
软包电池组装工站,pouch_cell_assembly_station,property,packaging_status_code,封装状态码,int
软包电池组装工站,pouch_cell_assembly_station,property,cutting_status_code,裁切状态码,int
软包电池组装工站,pouch_cell_assembly_station,property,hot_press_status_code,热压状态码,int
软包电池组装工站,pouch_cell_assembly_station,property,fault_code,故障代码,int
软包电池组装工站,pouch_cell_assembly_station,property,current_packaging_temperature,封装温度实际,float
软包电池组装工站,pouch_cell_assembly_station,property,current_packaging_pressure,封装压力实际,float
软包电池组装工站,pouch_cell_assembly_station,property,current_packaging_time,封装时间实际,float
软包电池组装工站,pouch_cell_assembly_station,property,current_hot_press_temperature,热压温度实际,float
软包电池组装工站,pouch_cell_assembly_station,property,current_hot_press_pressure,热压压力实际,float
软包电池组装工站,pouch_cell_assembly_station,property,current_hot_press_time,热压时间实际,float
软包电池组装工站,pouch_cell_assembly_station,property,current_cutting_speed,裁切速度实际,float
软包电池组装工站,pouch_cell_assembly_station,property,current_vacuum,真空度实际,float
软包电池组装工站,pouch_cell_assembly_station,property,packaging_mold_position,封装模具位置,float
软包电池组装工站,pouch_cell_assembly_station,property,current_cooling_water_temp,冷却水温实际,float
软包电池组装工站,pouch_cell_assembly_station,property,current_heating_power,加热功率实际,float
模具电池组装工站,mold_cell_assembly_station,action,set_mold_temperature,设置模具温度,mold_temperature:float
模具电池组装工站,mold_cell_assembly_station,action,set_injection_pressure,设置注塑压力,injection_pressure:float
模具电池组装工站,mold_cell_assembly_station,action,set_injection_speed,设置注塑速度,injection_speed:float
模具电池组装工站,mold_cell_assembly_station,action,set_holding_pressure,设置保压压力,holding_pressure:float
模具电池组装工站,mold_cell_assembly_station,action,set_holding_time,设置保压时间,holding_time:float
模具电池组装工站,mold_cell_assembly_station,action,set_cooling_time,设置冷却时间,cooling_time:float
模具电池组装工站,mold_cell_assembly_station,action,set_preheat_temperature,设置预热温度,preheat_temperature:float
模具电池组装工站,mold_cell_assembly_station,action,set_heating_power,设置加热功率,heating_power:float
模具电池组装工站,mold_cell_assembly_station,action,start,启动,
模具电池组装工站,mold_cell_assembly_station,action,stop,停止,
模具电池组装工站,mold_cell_assembly_station,action,reset,复位,
模具电池组装工站,mold_cell_assembly_station,property,status,设备运行状态,str
模具电池组装工站,mold_cell_assembly_station,property,device_running_state,设备运行状态,bool
模具电池组装工站,mold_cell_assembly_station,property,device_fault_state,设备故障状态,bool
模具电池组装工站,mold_cell_assembly_station,property,mold_closed_state,模具闭合状态,bool
模具电池组装工站,mold_cell_assembly_station,property,injection_process_state,注塑工序状态,bool
模具电池组装工站,mold_cell_assembly_station,property,demold_process_state,脱模工序状态,bool
模具电池组装工站,mold_cell_assembly_station,property,preheat_process_state,预热工序状态,bool
模具电池组装工站,mold_cell_assembly_station,property,material_in_place_state,物料到位状态,bool
模具电池组装工站,mold_cell_assembly_station,property,hydraulic_system_state,液压系统状态,bool
模具电池组装工站,mold_cell_assembly_station,property,heating_system_state,加热系统状态,bool
模具电池组装工站,mold_cell_assembly_station,property,device_status_code,设备状态码,int
模具电池组装工站,mold_cell_assembly_station,property,mold_status_code,模具状态码,int
模具电池组装工站,mold_cell_assembly_station,property,injection_status_code,注塑状态码,int
模具电池组装工站,mold_cell_assembly_station,property,demold_status_code,脱模状态码,int
模具电池组装工站,mold_cell_assembly_station,property,fault_code,故障代码,int
模具电池组装工站,mold_cell_assembly_station,property,current_mold_temperature,模具温度实际,float
模具电池组装工站,mold_cell_assembly_station,property,current_injection_pressure,注塑压力实际,float
模具电池组装工站,mold_cell_assembly_station,property,current_injection_speed,注塑速度实际,float
模具电池组装工站,mold_cell_assembly_station,property,current_holding_pressure,保压压力实际,float
模具电池组装工站,mold_cell_assembly_station,property,current_holding_time,保压时间实际,float
模具电池组装工站,mold_cell_assembly_station,property,current_cooling_time,冷却时间实际,float
模具电池组装工站,mold_cell_assembly_station,property,current_preheat_temperature,预热温度实际,float
模具电池组装工站,mold_cell_assembly_station,property,current_heating_power,加热功率实际,float
薄膜电池组装工站,thin_film_cell_assembly_station,action,set_deposition_temperature,设置沉积温度,deposition_temperature:float
薄膜电池组装工站,thin_film_cell_assembly_station,action,set_deposition_rate,设置沉积速率,deposition_rate:float
薄膜电池组装工站,thin_film_cell_assembly_station,action,set_deposition_time,设置沉积时间,deposition_time:float
薄膜电池组装工站,thin_film_cell_assembly_station,action,set_sputter_power,设置溅射功率,sputter_power:float
薄膜电池组装工站,thin_film_cell_assembly_station,action,set_sputter_pressure,设置溅射气压,sputter_pressure:float
薄膜电池组装工站,thin_film_cell_assembly_station,action,set_annealing_temperature,设置退火温度,annealing_temperature:float
薄膜电池组装工站,thin_film_cell_assembly_station,action,set_annealing_time,设置退火时间,annealing_time:float
薄膜电池组装工站,thin_film_cell_assembly_station,action,set_vacuum,设置真空度,vacuum:float
薄膜电池组装工站,thin_film_cell_assembly_station,action,set_ar_gas_flow,设置Ar气流量,ar_gas_flow:float
薄膜电池组装工站,thin_film_cell_assembly_station,action,set_o2_gas_flow,设置O2气流量,o2_gas_flow:float
薄膜电池组装工站,thin_film_cell_assembly_station,action,set_n2_gas_flow,设置N2气流量,n2_gas_flow:float
薄膜电池组装工站,thin_film_cell_assembly_station,action,set_gas_partial_pressure_ratio,设置气体分压比,gas_partial_pressure_ratio:float
薄膜电池组装工站,thin_film_cell_assembly_station,action,set_film_thickness,设置薄膜厚度,film_thickness:float
薄膜电池组装工站,thin_film_cell_assembly_station,action,set_rf_power,设置射频功率,rf_power:float
薄膜电池组装工站,thin_film_cell_assembly_station,action,start,启动,
薄膜电池组装工站,thin_film_cell_assembly_station,action,stop,停止,
薄膜电池组装工站,thin_film_cell_assembly_station,action,reset,复位,
薄膜电池组装工站,thin_film_cell_assembly_station,property,status,设备运行状态,str
薄膜电池组装工站,thin_film_cell_assembly_station,property,device_running_state,设备运行状态,bool
薄膜电池组装工站,thin_film_cell_assembly_station,property,device_fault_state,设备故障状态,bool
薄膜电池组装工站,thin_film_cell_assembly_station,property,deposition_process_state,沉积工序状态,bool
薄膜电池组装工站,thin_film_cell_assembly_station,property,sputter_process_state,溅射工序状态,bool
薄膜电池组装工站,thin_film_cell_assembly_station,property,annealing_process_state,退火工序状态,bool
薄膜电池组装工站,thin_film_cell_assembly_station,property,vacuum_system_state,真空系统状态,bool
薄膜电池组装工站,thin_film_cell_assembly_station,property,target_state,靶材状态,bool
薄膜电池组装工站,thin_film_cell_assembly_station,property,substrate_in_place_state,基片到位状态,bool
薄膜电池组装工站,thin_film_cell_assembly_station,property,gas_supply_state,气体供应状态,bool
薄膜电池组装工站,thin_film_cell_assembly_station,property,device_status_code,设备状态码,int
薄膜电池组装工站,thin_film_cell_assembly_station,property,deposition_status_code,沉积状态码,int
薄膜电池组装工站,thin_film_cell_assembly_station,property,sputter_status_code,溅射状态码,int
薄膜电池组装工站,thin_film_cell_assembly_station,property,annealing_status_code,退火状态码,int
薄膜电池组装工站,thin_film_cell_assembly_station,property,vacuum_status_code,真空状态码,float
薄膜电池组装工站,thin_film_cell_assembly_station,property,fault_code,故障代码,int
薄膜电池组装工站,thin_film_cell_assembly_station,property,current_deposition_temperature,沉积温度实际,float
薄膜电池组装工站,thin_film_cell_assembly_station,property,current_deposition_rate,沉积速率实际,float
薄膜电池组装工站,thin_film_cell_assembly_station,property,current_deposition_time,沉积时间实际,float
薄膜电池组装工站,thin_film_cell_assembly_station,property,current_sputter_power,溅射功率实际,float
薄膜电池组装工站,thin_film_cell_assembly_station,property,current_sputter_pressure,溅射气压实际,float
薄膜电池组装工站,thin_film_cell_assembly_station,property,current_annealing_temperature,退火温度实际,float
薄膜电池组装工站,thin_film_cell_assembly_station,property,current_annealing_time,退火时间实际,float
薄膜电池组装工站,thin_film_cell_assembly_station,property,current_vacuum,真空度实际,float
薄膜电池组装工站,thin_film_cell_assembly_station,property,current_ar_gas_flow,Ar气流量实际,float
薄膜电池组装工站,thin_film_cell_assembly_station,property,current_o2_gas_flow,O2气流量实际,float
薄膜电池组装工站,thin_film_cell_assembly_station,property,current_n2_gas_flow,N2气流量实际,float
薄膜电池组装工站,thin_film_cell_assembly_station,property,current_gas_partial_pressure_ratio,气体分压比实际,float
薄膜电池组装工站,thin_film_cell_assembly_station,property,substrate_rotation_speed,基片旋转速度,float
薄膜电池组装工站,thin_film_cell_assembly_station,property,current_film_thickness,薄膜厚度实际,float
薄膜电池组装工站,thin_film_cell_assembly_station,property,target_temperature,靶材温度监测,float
薄膜电池组装工站,thin_film_cell_assembly_station,property,substrate_temperature,基片温度监测,float
薄膜电池组装工站,thin_film_cell_assembly_station,property,current_rf_power,射频功率实际,float
化学气相沉积设备,cvd_system,action,initialize,初始化,
化学气相沉积设备,cvd_system,action,set_mode,设置运行模式,mode:str
化学气相沉积设备,cvd_system,action,set_deposition_temperature,设置沉积温度,deposition_temperature:float
化学气相沉积设备,cvd_system,action,set_process_pressure,设置工艺压力,process_pressure:float
化学气相沉积设备,cvd_system,action,set_gas_flow_1,设置气体流量 1 ,gas_flow_1:float
化学气相沉积设备,cvd_system,action,set_deposition_time,设置沉积时间,deposition_time:float
化学气相沉积设备,cvd_system,action,start_deposition,沉积启动,
化学气相沉积设备,cvd_system,action,evacuate,抽真空,
化学气相沉积设备,cvd_system,action,switch_gas,气体切换,
化学气相沉积设备,cvd_system,action,cool_down,降温,
化学气相沉积设备,cvd_system,action,open_chamber_door,腔室开门,
化学气相沉积设备,cvd_system,property,status,设备运行状态,str
化学气相沉积设备,cvd_system,property,fault,故障,bool
化学气相沉积设备,cvd_system,property,idle,空闲,bool
化学气相沉积设备,cvd_system,property,device_ready,设备就绪,bool
化学气相沉积设备,cvd_system,property,deposition_completed,沉积完成,bool
化学气相沉积设备,cvd_system,property,fault_code,故障代码,int
化学气相沉积设备,cvd_system,property,current_deposition_temperature,沉积温度实际值,float
化学气相沉积设备,cvd_system,property,current_process_pressure,工艺压力实际值,float
化学气相沉积设备,cvd_system,property,current_gas_flow_1,气体流量 1 实际值,float
化学气相沉积设备,cvd_system,property,deposition_time_remaining,沉积时间剩余值,float
蒸镀仪,evaporation_coater,action,initialize,初始化,
蒸镀仪,evaporation_coater,action,set_mode,设置运行模式,mode:str
蒸镀仪,evaporation_coater,action,set_evaporation_source_temp,设置蒸发源温度,evaporation_source_temp:float
蒸镀仪,evaporation_coater,action,set_evaporation_rate,设置蒸镀速率,evaporation_rate:float
蒸镀仪,evaporation_coater,action,set_target_film_thickness,设置目标膜厚,target_film_thickness:int
蒸镀仪,evaporation_coater,action,set_substrate_temperature,设置基板温度,substrate_temperature:float
蒸镀仪,evaporation_coater,action,evacuate,抽真空,
蒸镀仪,evaporation_coater,action,start_evaporation_coating,蒸镀启动,
蒸镀仪,evaporation_coater,action,stop_evaporation_source,蒸发源停止,
蒸镀仪,evaporation_coater,action,inflate_chamber,腔室充气,
蒸镀仪,evaporation_coater,property,status,设备运行状态,str
蒸镀仪,evaporation_coater,property,fault,故障,bool
蒸镀仪,evaporation_coater,property,idle,空闲,bool
蒸镀仪,evaporation_coater,property,device_ready,设备就绪,bool
蒸镀仪,evaporation_coater,property,evaporation_source_heating_completed,蒸发源加热完成,bool
蒸镀仪,evaporation_coater,property,film_thickness_ready,膜厚监测就绪,bool
蒸镀仪,evaporation_coater,property,fault_code,故障代码,int
蒸镀仪,evaporation_coater,property,current_evaporation_source_temp,蒸发源温度实际值,float
蒸镀仪,evaporation_coater,property,current_evaporation_rate,蒸镀速率实际值,float
蒸镀仪,evaporation_coater,property,current_film_thickness,实际膜厚,int
蒸镀仪,evaporation_coater,property,current_substrate_temperature,基板温度实际值,float
